Potencia,Maximo,DesvioPadrao,Curtose,Assimetria,Classe,CN0_NMEA
5553046.0,9730.816,1091.7496,0.2408101026010589,0.6299585445700379,0,42.71428571428572
5549453.5,11061.591,1090.582,0.2517196150878718,0.6305609962121506,0,42.42857142857143
5536005.0,10470.752,1090.4955,0.248169600299108,0.6329851880427049,0,42.79759519038076
5525367.5,9044.287,1088.3246,0.2461232322936593,0.6311607856111455,0,42.392785571142284
5531808.0,9496.498,1088.5004,0.2396405877105687,0.6281908450625528,0,42.42857142857143
5535579.0,9080.617,1090.5062,0.2259668142286139,0.6278337798352641,0,42.57142857142857
5544701.5,9353.862,1090.8109,0.2580994167040296,0.6328851303007718,0,43.0
5545416.0,9088.647,1090.6227,0.2436172935715053,0.6294394381664629,0,42.49413111938162
5539386.0,10289.591,1090.1588,0.2446037347115774,0.6295685636890077,0,42.42857142857143
5543316.5,9374.274,1090.2698,0.2509081762025733,0.6314528259157635,0,42.321213856284
5552003.5,9448.61,1091.7965,0.2438255013278043,0.63140470663133,0,42.42857142857143
5538194.0,9551.49,1089.1136,0.2298240928866453,0.6263581901849689,0,42.32751216719153
5536810.0,9660.241,1089.1377,0.2302818448135575,0.6259720770391819,0,42.50014314342972
5524528.5,8858.364,1088.7131,0.24697716345237,0.6307870102214184,0,42.34554823933582
5530351.0,8862.021,1088.6249,0.2378000772913151,0.6284605914127849,0,42.41683366733467
5542569.5,8858.854,1090.2494,0.2369267054734329,0.6271435666562483,0,42.42857142857143
5535032.0,9778.559,1090.3916,0.2402451895667354,0.6288132834574732,0,42.142857142857146
5551945.5,9183.682,1090.7,0.2447146363906038,0.6300177612890874,0,42.493844832522186
5553736.0,11415.768,1091.8073,0.2516919859654098,0.6306580525209778,0,42.17835671342686
5541313.5,9630.028,1090.6772,0.2366969055049801,0.6275110352950352,0,42.29716576009161
5537152.0,9764.463,1090.1545,0.24231074468711,0.6308032753262595,0,42.57142857142857
5530874.0,10066.115,1089.6311,0.2471054252277031,0.6314386905473662,0,42.48239335814486
5540651.5,9350.082,1091.0692,0.2481232630722161,0.6331630546374462,0,42.452905811623246
5545099.0,8976.0205,1089.9698,0.2488908693753471,0.6318908318767189,0,42.42857142857143
5544515.5,9269.149,1090.1132,0.2393738715921016,0.6273341784130435,0,42.285714285714285
5538219.0,10662.4,1090.1044,0.2749461989099271,0.6377644085194184,0,42.42857142857143
5530096.0,12798.385,1088.999,0.267898157060046,0.631780618344093,0,42.17950186086459
5529931.5,8240.744,1089.2007,0.2333652321978463,0.6277837262395213,0,42.196106498711714
5541619.0,9522.434,1089.8645,0.2452316223247441,0.6299624218674319,0,42.0
5540281.5,9439.219,1089.4418,0.2424804467173813,0.6279984553032211,0,42.27941597480675
5536960.5,9775.156,1089.2307,0.2272394881651687,0.6263259852647708,0,42.285714285714285
5542503.5,9303.737,1090.6118,0.2424468125314334,0.6283022844229347,0,42.285714285714285
5520796.0,10213.584,1088.5663,0.2486452609572857,0.6317418678515782,0,42.142857142857146
5538317.5,8410.995,1090.0337,0.241312846157097,0.6294872344753512,0,41.874606355568275
5532405.0,9119.008,1089.6055,0.2410130960630683,0.628973725989726,0,42.0
5532717.5,8717.692,1088.3148,0.226669312169371,0.6257877538233555,0,42.285714285714285
5532190.0,8869.643,1089.2223,0.2462733347140973,0.6318996451021366,0,42.35671342685371
5539812.5,13798.509,1089.4658,0.2528921783245881,0.6301035747237124,0,42.285714285714285
5541033.5,8674.78,1090.169,0.2468306388272525,0.6336292310121474,0,42.142857142857146
5526318.5,10295.699,1089.2462,0.2642127879539595,0.6354045994314322,0,42.285714285714285
5530812.0,8627.136,1087.8993,0.2288202218383954,0.624117466234818,0,42.0
5527085.0,11132.007,1088.3672,0.2519864342248836,0.6302837888296734,0,42.42857142857143
5548609.5,10373.171,1091.264,0.2376060303496392,0.628283596942915,0,42.32092756942456
5535413.0,8400.748,1088.6571,0.2351176868756619,0.626842126312618,0,42.14829659318637
5534089.0,9705.055,1088.6818,0.2346431924842438,0.6282655971400448,0,42.16719152590897
5531553.0,8398.881,1089.7648,0.239261523164326,0.6318912251111075,0,42.33982250214716
5538800.5,8941.869,1089.3348,0.2540901274342086,0.6319924044189835,0,42.40366447180073
5529884.5,9208.075,1089.7804,0.2416482838029323,0.6296510221927555,0,42.42857142857143
5542322.5,9231.78,1089.465,0.2445291045587589,0.6300425091618644,0,42.28628685943315
5540425.0,9226.01,1091.0319,0.2458680539525142,0.6322930993176316,0,42.285714285714285
5545533.5,9431.994,1091.2446,0.2489674638685914,0.6305619374956548,0,42.36845118809047
5528036.0,12953.599,1088.6202,0.2456299236639658,0.6292346901616614,0,42.57142857142857
5544468.5,9881.256,1089.4414,0.2326232307912441,0.6260737627698801,0,42.42857142857143
5526095.5,8951.1455,1089.544,0.2603840231610497,0.6346955234528011,0,42.285714285714285
5549662.5,10756.558,1091.0956,0.2299855737116667,0.6257601329060428,0,42.285714285714285
5556997.0,11610.266,1091.3253,0.2498688056478841,0.6310375685218097,0,42.42857142857143
5546171.0,11246.264,1091.6361,0.2617248585013696,0.6355568850172522,0,42.285714285714285
5542779.0,9379.702,1090.1765,0.2484034247620572,0.6287424040962316,0,42.42857142857143
5550607.0,8819.47,1091.6753,0.2460883055904861,0.6314814622690199,0,42.57142857142857
5544572.0,8959.258,1091.6144,0.2349678558004448,0.6306791853116873,0,42.285714285714285
5543105.5,11615.563,1090.3215,0.2475660121145,0.6308404962270824,0,42.2150014314343
5551831.0,8508.04,1092.2253,0.2528539341801368,0.6334053917537,0,42.36759232751217
5558940.0,11870.353,1091.8782,0.2447358255625906,0.6273345137859099,0,42.285714285714285
5543410.5,8724.536,1090.4802,0.2363068885343286,0.6273412535041544,0,42.57142857142857
5550570.0,10377.121,1090.4924,0.2548606673377764,0.6311643749613983,0,42.33180647008302
5547368.5,8941.846,1090.8263,0.2468740880635289,0.6288602542191586,0,42.479816776409955
5540935.5,9027.142,1089.7126,0.2430421607732196,0.6305858482124146,0,42.320641282565134
5554007.5,9663.372,1091.8044,0.2535876470982892,0.6302513658851178,0,42.57142857142857
5553515.0,8697.443,1091.3898,0.2422861805173242,0.6310248754021756,0,42.42857142857143
5540138.0,9332.725,1089.7213,0.2391363682781762,0.6289306485507528,0,42.142857142857146
5542524.0,8934.999,1089.6887,0.250937841170614,0.6320734932485186,0,42.20154594904094
5542508.5,8807.064,1089.5533,0.2478936077232769,0.6303636874305286,0,42.42857142857143
5531371.0,8550.006,1089.1134,0.2462027103275708,0.6317351210407685,0,42.57142857142857
5538295.5,10037.65,1089.3953,0.2459707403382722,0.6294337945528837,0,42.42857142857143
5540830.0,8654.335,1088.8042,0.2376706086565345,0.6266092626142963,0,42.30775837389063
5557013.5,8322.566,1091.0172,0.2361714483218104,0.6281470545303242,0,42.42857142857143
5537939.5,8681.522,1089.0797,0.2479310256250166,0.6321926814250768,0,42.285714285714285
5576662.5,9029.99,1093.7185,0.2643993506097581,0.6331541754166505,0,42.299456054967095
5609608.0,8631.846,1097.0807,0.2389959678241151,0.6289901944855455,0,42.42857142857143
5630987.0,9596.0625,1100.1138,0.2737265495502252,0.6375788779758166,0,42.20927569424563
5605067.5,10131.758,1098.1962,0.2598349045164956,0.6361122949014729,0,42.189521900944754
5574854.5,10003.923,1093.7722,0.2508636837906701,0.6332957637888381,0,42.30260521042084
5560751.0,9445.066,1091.4388,0.2525546558460325,0.6318335761909789,0,42.285714285714285
5610093.0,8631.526,1097.7897,0.264747989090762,0.6350894566420079,0,42.38591468651589
5617509.0,11193.133,1099.151,0.2853280207733637,0.6402208168360752,0,42.285714285714285
5529045.5,8735.341,1089.2172,0.2290075748534508,0.6289794937764605,0,42.285714285714285
5537850.0,9719.214,1089.7595,0.241588878965933,0.6279568171990602,0,42.417692527912976
5561980.0,8562.406,1093.0154,0.2341333923635153,0.6299273353949777,0,42.69539078156313
5534324.5,10919.875,1089.7443,0.2527290577572101,0.632297752786812,0,42.57142857142857
5547091.0,10160.91,1091.1068,0.2402117058242066,0.628272578875839,0,42.285714285714285
5562558.0,16418.602,1095.4641,0.6521622058748253,0.6751469467457742,0,42.42857142857143
5621641.0,20355.715,1101.1035,0.4267784797321408,0.6511040614829573,0,42.57142857142857
5570114.5,10024.897,1094.0686,0.2496704214817962,0.6330349137361017,0,42.54652161465788
5543968.0,9428.572,1090.1854,0.250171220382724,0.630438252977063,0,42.57142857142857
5526173.5,9355.85,1088.7203,0.2516222120028089,0.6309976618758059,0,42.57142857142857
5527284.5,24651.299,1089.0916,0.5799054655574731,0.6502900053477298,0,42.71428571428572
5538866.5,14716.539,1089.9485,0.2507061473425578,0.6287405005797954,0,42.71428571428572
5530764.0,16287.386,1089.3518,0.2944444284914032,0.6340761472803482,0,42.7452046951045
5531442.5,9060.66,1089.2026,0.2172930773576888,0.6233238906224462,0,42.489264242771256
5536249.0,10525.369,1089.5574,0.2410746032304995,0.6289977988607585,0,42.62381906670484
5538363.5,9053.762,1090.0643,0.2478844743939348,0.6332133418899946,0,42.42857142857143
5542213.5,11743.747,1090.4182,0.2369879942170136,0.6279513042454198,0,42.71428571428572
5563908.0,25441.693,1094.3813,1.3059098030970588,0.7020906146995011,0,42.46550243343831
5543502.5,8809.77,1092.1786,0.2353713562331889,0.6279836012681205,0,42.285714285714285
5525781.5,9345.021,1088.4518,0.2440604738867668,0.628616119184974,0,42.57142857142857
5530576.5,9122.363,1089.3634,0.2509573902312483,0.6323032815007079,0,42.6810764385915
5547961.5,9145.151,1090.4879,0.2401075899635367,0.6283909728794705,0,42.42857142857143
5560212.5,11583.569,1092.4211,0.2451266962105771,0.6283059031903743,0,42.42857142857143
5547397.5,9037.827,1090.2958,0.2294677520175518,0.6275142790798383,0,42.49871170913256
5541404.0,12555.227,1090.2949,0.2536663969871719,0.6322330010490169,0,42.57142857142857
5539539.0,8754.302,1089.9424,0.2472981613932865,0.6319325732475841,0,42.56083595762954
5536468.0,10571.311,1089.2124,0.2405496021895126,0.6291637631654395,0,42.552247351846546
5536361.5,9127.166,1089.775,0.2465155565670875,0.6300036505530258,0,42.57142857142857
5536115.0,8282.725,1089.6809,0.2400075660397447,0.6292753348112298,0,42.57142857142857
5535957.5,8790.741,1089.2622,0.2525705984975857,0.6322646849916083,0,42.32006870884626
5535955.0,9424.049,1089.6423,0.2492054644443562,0.6302989338166053,0,42.285714285714285
5534745.0,10024.941,1089.2013,0.2231283188991026,0.6249148332810309,0,42.42857142857143
5536857.0,8800.745,1090.3824,0.2389800872386218,0.6303395069932196,0,42.62639564843975
5532514.0,8759.262,1089.5049,0.2425536087950983,0.6300812745658606,0,42.57142857142857
5531584.5,9320.499,1089.883,0.2458396339251374,0.6318194373019635,0,42.599770970512445
5531298.5,8890.522,1089.4268,0.2439416900212978,0.631471128957898,0,42.430002862868605
5524832.0,9544.992,1088.7495,0.2354827527419143,0.6273988779145007,0,42.54022330375036
5538968.0,8236.587,1090.3042,0.2460679374867282,0.632208748395478,0,42.57142857142857
5534765.0,8630.428,1090.3456,0.2475640803606875,0.6314163135678471,0,42.57142857142857
5527368.0,8870.548,1088.5632,0.2351098375365952,0.6275927947366596,0,42.285714285714285
5521307.5,8673.515,1088.7905,0.2329250429802822,0.6277773626274035,0,42.42857142857143
5535596.0,8706.56,1088.9841,0.2352520233179222,0.6278347007444111,0,42.391354136845116
5529284.5,9183.265,1088.6179,0.2246198167215691,0.6260523376198258,0,42.285714285714285
5544963.5,10963.855,1089.9025,0.2476478225832585,0.6297427124351684,0,42.47466361294016
5531963.0,11156.697,1089.552,0.2705797393591322,0.6354406223419936,0,42.142857142857146
5539563.0,18546.21,1090.4392,0.3158349276982748,0.636194916247424,0,42.58488405382194
5532633.0,8857.06,1089.7247,0.2439952678889305,0.6282034068198714,0,42.57142857142857
5526262.5,8441.026,1088.0448,0.2376057881753155,0.6272779864527394,0,42.285714285714285
5531488.5,9680.314,1090.069,0.2507160571826565,0.6325558008507315,0,42.57142857142857
5534022.5,8893.692,1088.2712,0.2332826583632941,0.627091431693189,0,42.41826510163183
5561808.5,8477.854,1092.6382,0.2266812943216276,0.6257514582823595,0,42.57142857142857
5547028.0,8664.928,1089.8845,0.2543841030879887,0.6319099806608295,0,42.57142857142857
5535948.0,8746.8545,1089.6775,0.2526903271440672,0.6337779851459535,0,42.65044374463212
5538195.5,10346.605,1089.671,0.2495175332118795,0.6308754394134702,0,42.57142857142857
5528400.0,11007.063,1089.5548,0.2555953697804263,0.6334437245963938,0,42.57142857142857
5543180.5,9356.673,1090.709,0.2421010327992521,0.6304654181076005,0,42.85714285714285
5532738.0,8982.668,1089.2087,0.2310997901212865,0.6263031770403099,0,42.57142857142857
5546741.5,9216.384,1090.3159,0.2407080693480154,0.6286466098724532,0,42.62925851703407
5560437.5,9411.959,1093.6023,0.254100083216231,0.6352067822687295,0,42.57142857142857
5569469.5,11088.739,1093.0214,0.2757107855736049,0.6357943125121696,0,42.57142857142857
5606919.0,9235.028,1097.8064,0.2624069555859223,0.6344764957837402,0,42.71428571428572
5618190.5,8995.95,1099.8811,0.2715056464325163,0.6380618004705213,0,42.85714285714285
5609830.5,10875.797,1099.3678,0.2816017554828245,0.6417297108674713,0,42.57142857142857
5614852.5,11734.0,1100.2817,0.2782452603059617,0.6404967932783241,0,42.59347265960491
5624808.0,9187.083,1100.2642,0.2616525964251948,0.6380329594546915,0,42.43630117377614
5609348.5,9702.243,1098.1965,0.2793841148733258,0.6379453983289215,0,42.57142857142857
5619230.0,8755.3545,1100.0919,0.2566912638719469,0.6362234940852426,0,42.71428571428572
5616288.0,8970.454,1098.181,0.2594267690157368,0.6344890296221389,0,42.38276553106214
5610703.5,9247.548,1098.0918,0.2539121266768198,0.6330883105338856,0,42.55539650730033
5614291.0,8419.136,1097.6115,0.2745188500206716,0.6364777579249931,0,42.42857142857143
5616857.5,9277.262,1099.0598,0.2622216413436997,0.635858151572478,0,42.57142857142857
5598964.0,9655.855,1096.3728,0.2718903149812526,0.6379728244712404,0,42.64471800744348
5607576.5,10329.484,1099.2238,0.2726389890545633,0.6408990891977733,0,42.6744918408245
5614816.0,9338.026,1099.0166,0.2679227836465121,0.6363733613878643,0,42.4385914686516
5602650.0,9223.96,1098.1487,0.2804511983688438,0.6409574336191943,0,42.44832522187231
5598736.0,9210.897,1095.5511,0.2681908255752421,0.6365921655097976,0,42.335241912396214
5597137.0,9236.637,1097.855,0.2882232529865303,0.6426803979846545,0,42.57142857142857
5602407.5,9543.064,1097.1667,0.2408585502106177,0.631662980176699,0,42.285714285714285
5612242.5,8924.76,1097.073,0.2630156607045775,0.636560724616088,0,42.285714285714285
5629804.0,10806.209,1100.3093,0.2603316785767,0.6341948003561091,0,42.40280561122245
5599923.5,9259.283,1097.1238,0.2634069740439102,0.6368699694499436,0,42.404809619238485
5603864.5,10797.412,1097.7173,0.2767107862734419,0.6378876462634798,0,42.57142857142857
5592308.5,9019.415,1096.2661,0.2574747340022867,0.6354280038348266,0,42.57142857142857
5589354.5,11317.779,1096.4407,0.2746220711023186,0.6372093301994826,0,42.56942456341253
5607873.5,8943.088,1098.4015,0.254827629178092,0.6349220844699166,0,42.42857142857143
5611823.0,9199.565,1097.8566,0.2545112500450877,0.6341583987026441,0,42.50987689665044
5612915.5,8793.87,1097.5046,0.2563702644844343,0.6353203734880984,0,42.57142857142857
5613653.5,11229.24,1099.2406,0.2707516655295068,0.6372062267372528,0,42.406813627254515
5592714.5,8500.659,1095.7229,0.256373655462232,0.634964520186961,0,42.71428571428572
5616427.0,9250.248,1098.8546,0.2558306852462872,0.6359440735508987,0,42.71428571428572
5601533.5,9793.084,1097.6506,0.2688913477997845,0.6385448329197643,0,42.57142857142857
5534934.0,10917.182,1088.6493,0.2476951730033869,0.6301862187621077,0,42.47409103922129
5613638.5,9020.052,1098.0144,0.268284081594675,0.6356838709812758,0,42.41282565130262
5611688.0,9603.483,1098.8601,0.2861256858541718,0.6417077593832428,0,42.285714285714285
5589090.5,8749.94,1094.9462,0.2578797748004677,0.6336834737919907,0,42.241912396221
5593152.0,9374.919,1096.0654,0.2525141916330224,0.6325049715689819,0,42.21643286573148
5617476.5,9579.052,1099.823,0.2711665590427419,0.6380133637121855,0,42.0
5596827.0,9159.63,1096.3467,0.2478258186213917,0.6305015327506561,0,42.0
5527499.5,9134.296,1088.5758,0.2296548321037894,0.6266417779133553,0,42.40853134841109
5537645.5,11642.136,1089.9589,0.2456562632399261,0.6291990489197954,0,42.142857142857146
5587507.0,11549.174,1095.1808,0.2598283361470823,0.6345781223304173,0,42.348983681649024
5567180.5,9786.166,1093.632,0.2371327808934764,0.6302847084801756,0,42.35270541082166
5537431.5,9020.642,1090.346,0.2366426822216865,0.6305667514440355,0,42.42857142857143
5563276.5,9177.209,1092.4343,0.2479352333379698,0.6301896617480637,0,42.142857142857146
5588858.5,10710.825,1095.5444,0.2458244787266905,0.6300622700604338,0,42.42857142857143
5585561.0,9449.605,1094.8744,0.2636377585618592,0.6355630844381605,0,42.485828800458066
5607005.5,9621.387,1097.9161,0.267215581904491,0.6379666962010407,0,42.285714285714285
5605232.0,8543.553,1097.5284,0.2613188245298499,0.6375435448465558,0,42.426281133695966
5603963.0,8836.325,1097.052,0.2620194995981801,0.6365426925837756,0,42.46063555682794
5606730.0,8829.488,1097.8118,0.2665870974414224,0.6361373679711377,0,42.42857142857143
5604471.0,8804.88,1096.2139,0.2406852482999744,0.6300817804763481,0,42.663040366447184
5582227.0,9034.593,1094.5659,0.2649992954856555,0.6352496813460133,0,42.692814199828234
5583403.0,11263.401,1094.8743,0.2525386457832383,0.6326473732326657,0,42.56312625250501
5594471.5,9450.212,1096.7787,0.2600542155328709,0.6360351309664488,0,42.85714285714285
5594986.5,9747.255,1096.1953,0.2634669834011305,0.6357870395498385,0,42.63927855711424
5606396.0,9615.968,1097.5391,0.2694912848984887,0.6376333303964837,0,42.57142857142857
5594086.0,10313.613,1095.3823,0.256395512977583,0.6344859422224047,0,42.42857142857143
5591960.0,9312.734,1096.8793,0.2671637371671238,0.6369775787769466,0,42.5571142284569
5607889.0,9286.771,1098.495,0.2728167824997656,0.6363190262900851,0,42.71428571428572
5585174.0,10047.19,1096.139,0.2459040186945338,0.6319111907391577,0,42.64529058116234
5598903.0,10436.693,1097.124,0.270106415809106,0.6364084907752954,0,42.57142857142857
5614009.5,9389.468,1098.4985,0.2561494426785113,0.6326421436170276,0,42.71428571428572
5595842.0,11677.91,1095.7881,0.2527383740314453,0.6316740305181364,0,42.57142857142857
5599064.0,8732.247,1097.2848,0.2606377742343388,0.6354248299053264,0,42.57142857142857
5580555.5,8967.601,1095.8003,0.2636659558535434,0.6373547414469991,0,42.42857142857143
5580703.5,9153.055,1092.987,0.2556075045320103,0.6307676842421441,0,42.35213283710274
5592693.0,9550.423,1096.3201,0.237864640558274,0.6320824721959016,0,42.57142857142857
5599918.0,10094.968,1096.7351,0.2592021630830903,0.6336986232291413,0,42.42857142857143
5597963.5,8790.065,1096.3242,0.2465201719550354,0.6313839369726314,0,42.42857142857143
5601076.0,9178.638,1096.8225,0.2688612728172277,0.6373356127286481,0,42.657314629258515
5598233.5,10218.9375,1097.1904,0.2525841692255541,0.6334490291505709,0,42.71428571428572
5588499.0,10525.538,1096.493,0.2710091106860832,0.6378663621827898,0,42.71428571428572
5589179.0,9427.947,1096.8228,0.2476950984606882,0.6342330968233729,0,42.42857142857143
5583908.5,8708.153,1095.9303,0.2646086830393526,0.6379149395832118,0,42.57142857142857
5580465.5,9753.053,1094.7098,0.2379558154998395,0.6306017848020962,0,42.479530489550534
5542537.0,18750.6,1091.6544,0.5278090826223325,0.6551129147908028,0,42.57142857142857
5546136.5,9857.241,1089.8824,0.2297585797743337,0.6274656908194222,0,42.285714285714285
5542524.5,9251.79,1090.3365,0.2544913511363957,0.6318232383134964,0,42.285714285714285
5531437.5,9701.843,1089.9357,0.2510221650475523,0.6300687783980811,0,42.285714285714285
5612992.5,8982.529,1097.3605,0.2762405862159736,0.6369076787882326,0,42.42857142857143
5593422.5,9581.87,1095.896,0.2578403687662529,0.634179409531024,0,42.413398225021474
5607771.5,10501.539,1099.0704,0.267860455272574,0.6383479654330696,0,42.556827941597476
5595026.0,9954.527,1095.6938,0.2536297334300705,0.6331228724516728,0,42.42857142857143
5603241.5,10641.385,1096.9993,0.2561569801108891,0.6325744438588324,0,42.491840824506134
5613224.0,9924.677,1099.1345,0.2688330731130977,0.6391081152758382,0,42.71428571428572
5566635.5,9673.556,1093.0908,0.2578105024909964,0.6313007684528198,0,42.42857142857143
5576760.0,9432.852,1094.8052,0.2529847728318661,0.6318846973757577,0,42.32693959347268
5539056.5,12627.74,1088.7146,0.2495020563890668,0.6295766300295697,0,42.285714285714285
5529049.0,8646.398,1089.1412,0.2429412827611554,0.6297999861163892,0,42.50873174921272
5598635.0,9272.461,1097.1151,0.2504610757466956,0.6339518832857589,0,42.74720870312051
5609603.5,10506.486,1097.5431,0.2643428585625829,0.6346591260567448,0,42.57457772688232
5537574.5,9646.46,1088.6902,0.2326933372926216,0.625486673792213,0,42.71428571428572
5531132.0,8503.156,1088.334,0.2267870146751573,0.6245419882882265,0,42.34211279702264
5532992.5,12053.627,1088.5619,0.2656393426072774,0.6331839589388054,0,42.285714285714285
5562000.0,9439.998,1092.3676,0.2443583225899979,0.6317887063295294,0,42.285714285714285
5618350.0,9412.0625,1099.2578,0.2637178719078186,0.6367353632034186,0,42.42857142857143
5600728.5,9259.338,1096.7349,0.2646379310758004,0.6353662361959379,0,42.57142857142857
5581951.5,9745.837,1094.1498,0.2499360498147065,0.6318667109516564,0,42.41053535642712
5532281.5,19903.543,1089.3837,0.3256649908571898,0.6373487761670505,0,42.52991697681078
5572979.0,9567.249,1093.0167,0.2593816830662825,0.6328378256380311,0,42.30661322645291
5588745.0,8954.021,1095.9445,0.278735928669092,0.6383830036475593,0,42.437446321213855
5607598.5,10634.942,1098.4901,0.2661756585113757,0.636532103300279,0,42.4672201545949
5600600.0,10663.708,1096.7662,0.2610766050214987,0.6344224174741336,0,42.931577440595476
5600135.5,9946.483,1097.0736,0.2626683050186198,0.6347491375393411,0,42.71428571428572
5675620.5,25810.45,1119.9574,7.85142331719007,1.132491219207546,0,42.27082736902376
5602056.5,20423.941,1096.8439,0.5002081017564532,0.6513072818077751,0,42.285714285714285
5595086.5,11947.182,1096.819,0.2797978332733235,0.6396090804719996,0,42.04466075007157
5586752.0,9348.042,1094.0615,0.257009596155731,0.6326433365988438,0,42.21127970226166
5618140.0,9167.454,1097.9724,0.2550661149999853,0.6322505177576927,0,42.42857142857143
5597047.5,9128.83,1096.454,0.248294982044873,0.6325926021359359,0,42.285714285714285
5584592.5,8685.315,1094.522,0.2491134738820619,0.6328482181987404,0,42.71428571428572
5589832.5,10767.801,1095.3618,0.2576967416327589,0.6320262270816253,0,42.66361294016604
5613245.0,9577.614,1097.8658,0.256542009216826,0.6350347515515737,0,42.285714285714285
5585193.0,11932.396,1095.3878,0.2447747428712077,0.6311917624791705,0,42.4612081305468
5598689.0,9125.462,1096.7441,0.2541702064747113,0.6352389457980258,0,42.285714285714285
5603678.5,10941.87,1097.537,0.253770832584494,0.6342766670303669,0,42.42857142857143
5602296.0,8809.831,1097.0892,0.2753667069015044,0.6396743450442633,0,42.45805897509302
5584398.5,8698.397,1096.0205,0.2482445019288657,0.6322675810822231,0,42.42857142857143
5589086.0,8811.87,1094.5397,0.2489529715166742,0.6309910443161243,0,42.42857142857143
5593203.5,9313.837,1096.6353,0.2859321766703195,0.6397601781013799,0,42.285714285714285
5605767.5,9491.641,1097.9955,0.2779916028301437,0.6393658088592059,0,42.42857142857143
5602168.5,8728.395,1096.1318,0.2359036846469773,0.6290261394315716,0,42.57142857142857
5591755.5,12794.619,1096.7095,0.2553240000181316,0.6337634089116536,0,42.37818494131118
5585489.5,10580.675,1095.5264,0.2488895085389839,0.6321687097944948,0,42.57142857142857
5605744.0,8829.42,1097.7549,0.2600308571251917,0.6354337727186637,0,42.285714285714285
5584233.5,9539.972,1094.9109,0.26575392393719,0.6362264959288019,0,42.20784425994849
5837574.0,33031.125,1171.8589,26.10542282135732,2.18812444384754,0,42.21156598912109
5586885.0,10218.865,1094.6494,0.2588490213260215,0.632114051398178,0,42.19696535929
5599231.5,9763.912,1097.0938,0.2559669534805491,0.6347630857032028,0,42.15745777268824
5591596.5,9081.732,1096.3002,0.2667596579147893,0.6374595347812518,0,42.285714285714285
5598906.5,9470.981,1097.8605,0.2875472225844468,0.6428845705595475,0,42.285714285714285
5545481.0,8975.404,1092.0,0.256113127334955,0.6347051163573142,0,42.36043515602634
5588879.0,10191.164,1095.6842,0.2457576942309516,0.6321707721110952,0,42.53306613226453
5581486.0,10689.55,1094.2666,0.2498650343434079,0.6326554762935281,0,42.57142857142857
5605176.0,9365.215,1097.1346,0.2632963348371917,0.6360015818327562,0,42.57142857142857
5556126.5,10022.693,1091.0948,0.2475142313471821,0.6318548731527516,0,42.19381620383625
5540923.5,8662.062,1091.1151,0.2416947510385845,0.6291730465950189,0,42.36644718007444
5528073.5,10212.31,1088.2601,0.245970632707043,0.6274617684549884,0,42.42857142857143
5532570.5,8585.683,1089.6572,0.2462919972052639,0.632208329131946,0,42.14801030632693
5528233.0,10923.137,1088.0538,0.245467674005495,0.6270348297592683,0,42.31291153736044
5533325.0,8289.154,1089.068,0.235692531273342,0.6305981424845233,0,42.19982822788435
5529702.0,8380.828,1089.1709,0.225259128631226,0.6281661024657607,0,42.11222444889778
5527879.5,9330.662,1089.8928,0.2455458357872939,0.6321992440423848,0,42.285714285714285
5537837.5,9032.167,1089.0659,0.2387847341797324,0.6300931807759101,0,42.56799312911536
5538444.5,8961.719,1089.6823,0.2477064449797268,0.6304164842368271,0,42.39536215287717
5526714.5,14044.176,1088.8025,0.276015896237872,0.6370748898392687,0,42.63441168050388
5534500.5,8985.548,1089.639,0.2580479140055711,0.6344094366671459,0,42.57142857142857
5542177.5,11331.347,1090.2365,0.2317909594020513,0.6281405891237095,0,42.57142857142857
5520147.5,13026.933,1089.0194,0.279784605906975,0.6348494805253657,0,42.57142857142857
5537716.0,10687.533,1089.7588,0.251474346991543,0.6324792580276635,0,42.85714285714285
5525645.0,10139.261,1088.0442,0.2489761847579554,0.6294683262092522,0,42.49756656169484
5524912.0,8691.984,1089.4799,0.2448153545338445,0.6323806497435901,0,42.57142857142857
5530883.5,10563.058,1088.621,0.2315690360960434,0.6275943549049534,0,42.699971371314085
5534191.0,8723.048,1090.8198,0.2539829838162584,0.6339706291012152,0,42.41311193816202
5541744.5,8405.382,1090.0994,0.2341178726974986,0.6300004264992858,0,42.51903807615236
5527542.0,9485.135,1088.4038,0.2480549769521718,0.6309368095476271,0,42.57142857142857
5535614.5,9052.721,1089.8289,0.2388158799280506,0.630035899107047,0,42.32379043801887
5537817.5,9412.791,1090.9203,0.2425497138031231,0.6311505354171923,0,42.71428571428572
5613083.0,9018.403,1098.9923,0.2823929449228304,0.6408131329736975,0,42.57142857142857
5595618.0,8904.058,1097.2,0.2770818938193184,0.6388091158746233,0,42.285714285714285
5607614.0,8812.801,1098.7344,0.2664448451751582,0.639494480680638,0,42.42857142857143
5557623.0,8883.15,1091.4955,0.2553937089055993,0.6329919356550194,0,42.68222158602924
5581510.0,8247.984,1095.1871,0.2570018199332411,0.6356693232785107,0,42.71428571428572
5576936.5,10497.099,1095.8641,0.2550298597784546,0.6368125714976004,0,42.54394503292295
5577150.0,19149.898,1094.2079,0.3905695171633567,0.640989979144301,0,42.71428571428572
5599158.5,11123.521,1097.7505,0.2709187832091659,0.6370979312283808,0,42.71428571428572
5595116.0,10085.436,1096.6686,0.2621799151233985,0.6345929209887651,0,42.68823361007734
5615541.5,8798.049,1099.4486,0.265604857607407,0.637880118823497,0,42.57142857142857
5612575.0,8912.993,1098.7294,0.2553623950902643,0.6354517154571048,0,42.57142857142857
5589776.0,9170.578,1095.283,0.2617127258954212,0.6351311163743767,0,42.63469796736328
5593948.5,8926.602,1095.8397,0.2592030834737544,0.6349797107300795,0,42.71428571428572
5592791.5,9830.002,1096.715,0.2687724700683627,0.6386848559130599,0,42.57142857142857
5606807.5,10956.219,1097.8295,0.260487382484154,0.6350304540762923,0,42.57142857142857
5628842.0,9127.137,1100.526,0.2551620997184942,0.6366471290914645,0,42.77812768393933
5608398.5,9164.284,1098.5792,0.2696210661728946,0.6392057757339737,0,42.640709991411384
5604236.5,8611.554,1097.3605,0.239372244070406,0.6307888334677783,0,42.61523046092186
5561568.0,9134.715,1092.6243,0.2520868066216124,0.6318279873394982,0,42.71428571428572
5526401.0,11302.181,1088.1243,0.2316352350061725,0.6273134325036035,0,42.71428571428572
5575316.5,9301.386,1094.3795,0.2529909124608682,0.6332082200152024,0,42.61694818207843
5596157.5,9844.906,1095.8604,0.2794599386868976,0.6385740849318639,0,42.496135127397665
5536708.5,8848.8,1088.557,0.2409827056583671,0.6287360668757095,0,42.57142857142857
5538678.0,9151.866,1088.6019,0.2388734134314973,0.6272687382830049,0,42.57142857142857
5538154.5,9110.804,1089.9244,0.2382448268903605,0.6314890175277467,0,42.57142857142857
5533786.5,8801.928,1089.273,0.2312138721017858,0.6271298703710654,0,42.622960206126535
5542137.5,12190.026,1089.3434,0.2490711269123484,0.6304868548463407,0,42.85714285714285
5538327.5,8624.81,1089.5502,0.2412849254973572,0.6294367927935969,0,42.57142857142857
5530794.5,8842.704,1088.8787,0.243901957682711,0.6283451692600291,0,42.57142857142857
5543537.5,8695.622,1090.6963,0.2416347742110343,0.6300434525691193,0,42.57142857142857
5528050.0,9819.533,1088.9857,0.2389549434645861,0.6294838369622887,0,42.57142857142857
5530806.5,10306.952,1087.7094,0.2322168042614758,0.6247437839971369,0,42.42857142857143
5533103.0,8812.826,1089.2472,0.2375797255132674,0.6280391775369338,0,42.57142857142857
5538067.5,9665.982,1090.173,0.2620596187873154,0.6335358395058868,0,42.42857142857143
5556645.5,9164.151,1091.9268,0.2392796926488474,0.6270466521934134,0,42.394789579158314
5541465.0,9712.08,1089.8202,0.2400204349661852,0.627690006656811,0,42.42857142857143
5537994.0,9432.078,1089.2201,0.2347344525924266,0.6265787040113102,0,42.47809905525336
5531908.5,9690.8955,1090.1584,0.2457017648858204,0.6302754550205336,0,42.285714285714285
5527750.5,9157.908,1089.131,0.2595964509511659,0.6314162037256678,0,42.42857142857143
5538188.5,11901.1045,1089.8342,0.2496896176421095,0.629457667434945,0,42.285714285714285
5541573.0,9679.513,1090.6918,0.2491099970281274,0.6325240478659065,0,42.501860864586305
5542637.0,12061.42,1090.9457,0.28990256521779,0.6377965538133966,0,42.42857142857143
5537424.0,8975.604,1089.7673,0.24473470117313,0.6282117557196096,0,42.42857142857143
5528165.0,9340.953,1088.7476,0.2468158584331501,0.629192915129666,0,42.42857142857143
5544721.0,8771.7,1089.5275,0.23432338691013,0.6239971882329336,0,42.42857142857143
5531945.0,8405.037,1089.6395,0.233990653270196,0.6286884071542317,0,42.71428571428572
5535604.5,12968.344,1090.9707,0.2403900518771258,0.6301557485034426,0,42.53392499284285
5522163.0,9404.533,1088.5365,0.2492251168374593,0.6323086999856162,0,42.42084168336675
5530329.5,8402.903,1088.9357,0.2369761210476793,0.6256560566732661,0,42.57142857142857
5523342.5,8356.064,1088.5674,0.2387130793351364,0.6287732820019181,0,42.42857142857143
5534998.0,8874.964,1089.0258,0.2465651984859698,0.6314146588801564,0,42.42857142857143
5531047.5,8630.707,1090.1362,0.2293236284861555,0.6287204046590749,0,42.57142857142857
5533312.0,9229.196,1090.1387,0.2375916508571549,0.6295018611730213,0,42.42857142857143
5530300.5,12843.207,1088.4302,0.2464687530539726,0.6269718333001363,0,42.57142857142857
5520576.5,8768.805,1087.9434,0.2483674717050741,0.629304973699902,0,42.656455768680196
5524384.0,8881.508,1088.0055,0.2388146858339337,0.6282438829889131,0,42.483824792442
5527778.0,12948.474,1089.1427,0.2600517681360834,0.633301810678857,0,42.6888061837962
5522274.5,8589.553,1087.7957,0.229034429907518,0.6273334238013557,0,42.70569710850266
5533112.0,8304.048,1088.7823,0.2173276107576902,0.624080168174519,0,42.57142857142857
5542069.5,10353.417,1091.1436,0.2424878722726853,0.6316934392704591,0,42.71428571428572
5536440.0,9064.3545,1089.252,0.2583040885956729,0.6318359842910993,0,42.71428571428572
5519244.5,8948.436,1087.9989,0.2498517168363365,0.6319249017470002,0,42.57142857142857
5529960.0,9219.315,1090.1058,0.2611892121541839,0.63376648159062,0,42.57142857142857
5533892.0,8669.392,1089.132,0.2391783487286307,0.6285377361171973,0,42.57142857142857
5532474.0,9156.537,1089.2894,0.2388688801377507,0.6279008730783872,0,42.64443172058399
5540791.0,9213.909,1090.5277,0.2389023428284384,0.6290317928883149,0,42.671056398511354
5519190.5,9447.594,1088.0594,0.2349782612875435,0.6293716533443812,0,42.42857142857143
5519053.0,8828.635,1087.6438,0.2517582248590884,0.633319462111772,0,42.808187804179845
5534493.5,9537.481,1089.6521,0.2579071860682038,0.6322737554117946,0,42.57142857142857
5524216.5,8719.008,1089.458,0.2486593905985437,0.6306185804761613,0,42.71428571428572
5530878.0,9628.783,1088.7659,0.2474107377057479,0.6310189330649099,0,42.57142857142857
5527361.0,9662.277,1089.629,0.2500757442010246,0.633380523273924,0,42.699398797595165
5531858.5,9748.415,1089.369,0.2264064042263407,0.6257292385596,0,42.308044660750056
5530083.5,8873.311,1088.4015,0.2427488012091423,0.6302609150151269,0,42.895791583166364
5517481.0,9282.376,1087.4377,0.2516489031116058,0.631974630644893,0,42.77526481534499
5538749.0,8990.685,1089.8873,0.2416654322053086,0.6302195057522257,0,42.85714285714285
5547184.5,8905.253,1090.3232,0.2357903249172195,0.6290484284515188,0,42.85714285714285
5538332.5,9020.666,1091.1362,0.2471477192146878,0.630718252672908,0,42.71428571428572
5534036.5,8654.14,1089.2809,0.2371763358822822,0.6274717313479312,0,42.85714285714285
5538754.5,8711.063,1091.19,0.2647338507846801,0.6358797175187596,0,43.0
5536649.5,9566.256,1091.0818,0.2452558152701724,0.6322910124033069,0,43.0
5537892.5,8364.384,1089.5874,0.2388934649803662,0.6292431947265139,0,42.43315201832235
5538463.5,8310.105,1091.2722,0.2365542990617322,0.6311075618861293,0,42.67993129115374
5530949.0,9493.491,1088.3606,0.2393100451768708,0.6290103419377339,0,42.57142857142857
5519506.0,9362.726,1087.3601,0.2480507379858862,0.629750134969578,0,42.57142857142857
5531064.0,9980.074,1089.1653,0.2493214381339967,0.6298933061907341,0,42.6951044947037
5532452.0,9180.982,1089.7268,0.2331433715680408,0.6271438812698252,0,42.85714285714285
5535307.5,10357.752,1090.0464,0.2550801099440831,0.634487911554112,0,42.85714285714285
5527995.5,10010.012,1089.5947,0.2531226144729079,0.6330319286420617,0,42.71428571428572
5538605.0,9105.465,1090.4313,0.2541758122831101,0.634897827867141,0,42.757228743200685
5535261.5,8925.838,1089.6056,0.2275360408335118,0.6246645894997404,0,42.71428571428572
5532453.5,8575.055,1089.4524,0.2113798856917088,0.6212201204553172,0,42.69768107643859
5536593.0,9134.666,1088.4121,0.2148105872313821,0.6230035933164363,0,42.760664185513896
5529318.5,8510.596,1088.1444,0.2347546426023026,0.6262112913657468,0,42.6475808760378
5540770.0,8791.618,1090.641,0.2325368885563343,0.6286197478901163,0,42.57142857142857
5529474.5,8692.536,1091.0176,0.2374380709826899,0.6317337669887214,0,42.992842828514185
5526532.0,8710.964,1088.5923,0.2359883899854442,0.6282511039974394,0,42.85714285714285
5527896.5,8935.38,1088.1998,0.23915654254604,0.62999805567494,0,42.85714285714285
5531711.0,9890.83,1089.0543,0.2553300440769965,0.6333683484868845,0,42.85714285714285
5537454.5,8992.859,1089.2926,0.2566812892902312,0.6338871583296569,0,42.39765244775266
5541850.0,8987.828,1089.7898,0.232244916208701,0.6274345151440712,0,42.426281133696
5523126.0,8786.186,1087.2899,0.2504298263935731,0.6299062482371544,0,42.71428571428572
5527764.5,11792.121,1088.7562,0.2475340075777552,0.6305761573847856,0,42.71428571428572
5518468.0,9022.661,1087.5455,0.2366913699871236,0.6272533546490373,0,42.57142857142857
5539319.5,9030.384,1090.5936,0.2460172014910666,0.6317381298434241,0,42.546521614657905
5544866.0,8896.137,1091.1012,0.2535200470682559,0.6323364311498907,0,42.42857142857143
5619290.5,9806.011,1099.6602,0.2662988805108646,0.638716257460648,0,42.53678786143713
5540864.0,8856.983,1089.7882,0.236099989969944,0.626907892470441,0,42.42857142857143
5590093.5,9758.283,1095.8516,0.2659439410424915,0.6364742285530098,0,42.808474091039244
5614265.0,10134.324,1099.3365,0.2740883941451999,0.6402123534833347,0,42.57142857142857
5615907.0,9140.084,1098.5507,0.2845013776825187,0.6392669783382255,0,42.42857142857143
5604993.5,9304.563,1097.8746,0.2604238747844576,0.6375987877229695,0,42.53077583738903
5619054.0,9224.22,1099.072,0.2742796173116026,0.6383343902386223,0,42.57142857142857
5598885.0,10128.162,1096.6323,0.2636407282167234,0.635361600131359,0,42.57142857142857
5607914.5,9575.749,1097.8182,0.2509354934746559,0.6331417656265307,0,42.71428571428572
5592545.0,9928.565,1095.8898,0.2683393729453214,0.636755823708469,0,42.57142857142857
5605643.5,9105.529,1097.3579,0.2643933701269327,0.6350274449651632,0,42.57142857142857
5606971.0,8975.626,1097.9031,0.2539114067720067,0.6354946185727763,0,42.49498997995988
5535790.5,8694.992,1090.442,0.2565868542742073,0.6347174534929502,0,42.67764099627831
5558675.5,8514.559,1092.383,0.2411344191510389,0.6306845653097947,0,42.42857142857143
5588741.5,8475.843,1095.6785,0.2654837916740886,0.6370738685863307,0,42.57142857142857
5573797.0,8731.838,1095.1868,0.2666192583749271,0.6388054996918333,0,42.285714285714285
5533135.5,9302.663,1089.0787,0.2398560022874516,0.6308174671377251,0,42.285714285714285
5596513.0,8867.199,1095.9231,0.2727215516867241,0.6369873663590733,0,42.31634697967359
5601873.5,13912.588,1098.5533,0.2700217286603377,0.6381815920625205,0,42.42857142857143
5585044.5,9660.787,1096.4724,0.2657093015470684,0.6386146935655441,0,42.3996564557687
5583492.0,8572.726,1094.9357,0.2404208751790872,0.6300021726627277,0,42.42857142857143
5569203.0,8855.777,1092.5873,0.2510948177769641,0.6316209897661937,0,42.42857142857143
5576349.5,9489.973,1094.6116,0.2640094606646497,0.6365877814928058,0,42.31033495562555
5586688.5,8444.119,1095.9569,0.2546551597649862,0.6347967839814579,0,42.57142857142857
5582360.0,8714.236,1094.6912,0.2511820505186577,0.6335899629810184,0,42.42857142857143
5584004.5,9285.456,1096.3042,0.2478899194585357,0.6349478567562217,0,42.57142857142857
5577613.0,9344.171,1095.6747,0.2484362890917997,0.6330736260937495,0,42.334096764958495
5564390.5,15315.562,1093.9099,0.2903322028837367,0.6387107156288285,0,42.80131691955336
5564685.0,9511.837,1092.4281,0.2501972351650647,0.6316436777256568,0,42.56026338391069
5578580.5,9441.444,1094.4255,0.2451522764336164,0.63136436614348,0,42.61236759232751
5587951.0,9448.75,1096.783,0.2595842022422427,0.6367025460317954,0,42.42857142857143
5591374.0,10755.024,1096.4637,0.2603863297561766,0.6339043750106306,0,42.67191525908961
5583432.0,9433.109,1093.84,0.2498302915356594,0.6290640660966851,0,42.57142857142857
5583348.0,9462.307,1095.4716,0.2618005674109267,0.6355733405081719,0,42.2685370741483
5567226.0,9516.258,1094.8508,0.2620401602068511,0.6360199181782492,0,42.285714285714285
5576898.5,8860.245,1094.3287,0.2664449946338196,0.6360836522327403,0,42.63756083595763
5588275.5,11142.331,1096.7076,0.2627578155263199,0.6367883004834056,0,42.53507014028056
5593648.5,14342.973,1096.6924,0.2891233546438809,0.6380040950096297,0,42.42198683080447
5602862.5,14667.754,1099.0626,0.3370440481470571,0.6474495294372166,0,42.142857142857146
5592928.5,9272.095,1095.3846,0.2690939554588927,0.6374185458744838,0,42.142857142857146
5566488.0,9029.726,1094.7509,0.2859764529810524,0.643299618872439,0,42.285714285714285
5600452.5,8439.607,1097.6864,0.2648259707270455,0.6366035448904436,0,42.285714285714285
5558583.0,9250.116,1093.3402,0.243797301605618,0.6324106529519692,0,42.570855997709714
5568779.5,8749.401,1092.3287,0.2452283618892048,0.6304195215402681,0,42.2565130260521
5592960.0,10871.215,1096.7834,0.2736838003195037,0.6373823695123906,0,42.142857142857146
5578335.5,8776.465,1094.7974,0.260407045158062,0.6347416517168236,0,42.46321213856286
5583853.5,8719.0205,1094.6312,0.2524267657583499,0.6319054345059498,0,42.142857142857146
5595327.0,11967.033,1096.297,0.2814557911917115,0.6420549647885906,0,42.28027483538504
5577826.5,11094.502,1095.5573,0.2489783928723117,0.6320748360524344,0,42.03521328371029
5523929.5,8608.143,1088.4535,0.2506992430704389,0.6311955686822305,0,41.85714285714285
5577750.5,9339.331,1094.2161,0.2485747916691663,0.6333846666677185,0,42.0
5603955.5,9441.115,1097.7683,0.2609788506336832,0.6378392574368744,0,42.142857142857146
5570577.5,11867.026,1094.075,0.2501748023254597,0.6306925805035478,0,42.1314056684798
5584521.5,8711.887,1095.9218,0.2588734638522156,0.6352385992788921,0,42.10163183509875
5564229.5,10080.308,1092.2998,0.2584022010412794,0.6353982545098388,0,42.070999141139445
5544703.0,8781.811,1090.9229,0.2469995225502694,0.6303498079171759,0,42.184941311193796
5540484.0,8650.344,1091.0067,0.2559740320406165,0.6319084071496813,0,41.86945319209845
5588387.0,9011.193,1095.328,0.2604526862054084,0.6347186584177992,0,42.0
5590329.5,11303.0,1096.1871,0.2770221182665637,0.6385713071798192,0,42.0
5537556.5,12409.919,1089.9276,0.2630458901191379,0.6349182492999106,0,42.0
5580488.5,9758.455,1094.3921,0.2537629894642563,0.6331902675700153,0,42.142857142857146
5598420.5,12767.81,1096.2574,0.2809991957208302,0.6391146202902991,0,42.142857142857146
5602368.0,8930.37,1097.7776,0.2696698257199093,0.6399107352558263,0,42.26223876324074
5589588.5,11490.143,1096.5472,0.2612129715034061,0.6360789443322402,0,42.23246492985969
5575144.0,9671.359,1093.6971,0.2505542317164013,0.633501252873154,0,42.083023189235654
5602803.0,9119.045,1097.1187,0.2643241668435649,0.6360993064250683,0,42.082736902376254
5578427.5,12503.265,1095.8287,0.26785934353869,0.6357022550212135,0,42.142857142857146
5605421.0,9749.305,1097.9923,0.2511255684681526,0.6337550817750787,0,42.39908388204978
5606983.0,9027.926,1097.5823,0.2724968646491774,0.6369786735784853,0,42.42857142857143
5536577.0,9547.801,1090.7487,0.2750809351610344,0.6398844659715194,0,42.42857142857143
5523791.5,8937.907,1088.9138,0.2364628152232506,0.6288489385049136,0,42.42857142857143
5524514.5,9199.231,1088.9717,0.2450334215146785,0.6314068602275208,0,42.42857142857143
5519124.5,8770.536,1088.2969,0.2358468709248562,0.6289187925657367,0,42.25021471514453
5518188.5,9208.049,1087.2812,0.247557638129884,0.6318956120982452,0,42.29802462066982
5527814.0,11771.118,1088.6295,0.2483574029993023,0.6296715710768237,0,42.52361866590328
5520602.0,10353.617,1088.484,0.2401880525636315,0.6296442531927737,0,42.142857142857146
5512755.5,11718.171,1086.7703,0.2478201256508008,0.6302350138896508,0,42.142857142857146
5519476.5,9997.098,1088.3785,0.2416434616266167,0.631691263037547,0,42.285714285714285
5524236.5,9358.9,1089.1113,0.2247618420070649,0.6250815700152339,0,42.285714285714285
5520405.5,9128.163,1087.6332,0.2331099017186204,0.626404494481652,0,42.285714285714285
5520476.5,9141.504,1087.8514,0.2412696196089272,0.6290044156406085,0,42.285714285714285
5532051.5,8499.883,1088.7886,0.2551748279365662,0.6327830110487501,0,42.53592900085888
5521466.0,9137.443,1087.8688,0.2322913559351413,0.6259012502511653,0,42.285714285714285
5520262.5,8959.8,1087.9557,0.2468989101154246,0.6324553720497526,0,42.49413111938163
5526324.0,10267.285,1089.7084,0.2426352903363224,0.6317666915728926,0,42.42857142857143
5524141.0,11292.154,1088.338,0.2351190300196837,0.6276691025729618,0,42.57142857142857
5520553.0,10058.385,1087.0823,0.2421236995051514,0.6287790913196422,0,42.71428571428572
5513462.5,8668.995,1086.5908,0.2414661346528253,0.6286727768094611,0,42.71428571428572
5516763.5,9466.052,1088.0521,0.2515835865038638,0.6343391128693405,0,42.59519038076152
5518041.5,8753.768,1087.8944,0.2305241372102546,0.62759310110972,0,42.113083309476096
5522869.5,8546.603,1088.3596,0.242777740950812,0.6316544105222425,0,42.57142857142857
714243.25,3772.8462,391.37094,0.2431554751456284,0.6308394081643045,1,42.71428571428572
711340.3,3197.344,390.36932,0.234099817883735,0.6288515006268283,1,42.85714285714285
716588.4,3251.0498,391.83563,0.2580384716143249,0.6320006406336852,1,42.71428571428572
720441.94,3388.051,393.41638,0.2508288130940967,0.6331917784801122,1,42.71428571428572
723755.6,3525.6223,394.69824,0.2804084201920744,0.6392474664825553,1,42.71428571428572
720167.3,3492.5535,393.50916,0.2652582394360587,0.6381905652175659,1,42.71428571428572
717598.25,3101.3062,392.69394,0.2411347383955568,0.6317667360945071,1,42.85714285714285
715051.3,3335.6633,391.548,0.2445148490810611,0.6298950589301868,1,42.32178643000286
721231.9,3236.5537,393.66138,0.2592315534414577,0.6351269018205346,1,42.57142857142857
722436.7,4566.2485,394.23743,0.2777169721886294,0.6378221759337308,1,42.57142857142857
709784.1,2996.6143,390.32227,0.2302833095807641,0.6253107606563668,1,42.59719438877755
711785.25,3873.1023,390.4846,0.2425340019566979,0.6284268640030206,1,42.57142857142857
714189.9,3328.876,391.3988,0.2450835322102564,0.6318779365748322,1,42.57142857142857
712004.6,3235.3647,390.83957,0.2505332510331697,0.6328058644207598,1,42.462066991125106
712522.3,4337.6675,391.13666,0.2459147544114386,0.6292648726045349,1,42.392499284282856
714640.06,6458.732,392.5467,0.6412828445880123,0.6732679394386661,1,42.50586888061839
722456.06,6305.0483,394.48795,0.4430387982674526,0.6553683074637993,1,42.71428571428572
715621.7,3549.4253,391.96002,0.2427373233802514,0.630270699539319,1,42.142857142857146
713602.3,3093.0356,391.37918,0.2415705426976173,0.6322573158216657,1,42.42857142857143
710336.6,3228.7288,390.35007,0.2485475712170295,0.6330261384038648,1,42.4775264815345
710588.7,9172.735,390.7586,0.5876600867765895,0.6504923755397931,1,42.42857142857143
711912.0,5901.3096,390.96854,0.2775820461398908,0.6338648605720625,1,42.42857142857143
710640.44,5809.324,390.49036,0.2884970465355136,0.6352815301142218,1,42.48525622673919
711072.75,3159.5134,390.61493,0.2385167351506303,0.6294839427726325,1,42.34497566561695
711377.8,3874.4192,390.34793,0.2331661096191046,0.6265433597667843,1,42.65244775264816
711882.5,3086.2214,390.89417,0.2473832619472884,0.6321227390979985,1,42.33610077297451
712694.2,3165.577,390.67905,0.2388992594513803,0.6277327002070462,1,42.21872316060693
715258.44,9071.373,392.88034,1.294899786101702,0.7009447192773546,1,42.2124248496994
712849.0,3458.1418,391.35806,0.2554448110649159,0.6354236353461149,1,42.285714285714285
710536.75,3129.147,390.13715,0.2483387703338149,0.6291282858763948,1,42.142857142857146
711028.06,3117.3298,390.30948,0.2500029438937372,0.6314972309972495,1,42.285714285714285
713391.94,3695.7197,390.9849,0.2415878105478071,0.6279592255805909,1,42.42857142857143
714962.3,5384.682,391.57352,0.251108458656581,0.6270181766322074,1,42.285714285714285
712779.9,3133.6433,390.55914,0.2210480309375055,0.622917035306831,1,42.057829945605505
713838.9,4521.184,391.38882,0.2460600729989353,0.6286996921149711,1,42.373318064700825
712047.44,3105.5217,391.20905,0.2453390022185178,0.6336774359654106,1,42.42857142857143
711999.6,3428.693,390.3627,0.2323395352179171,0.6276217155210264,1,42.285714285714285
712116.5,3235.4346,390.5076,0.2447204945933929,0.6289187077953144,1,42.381047809905525
711752.06,3106.8416,390.43408,0.2406947580891731,0.6303763388343717,1,42.52648153449756
711787.44,3141.608,390.67926,0.23706862824704,0.6277557512428334,1,42.38620097337532
711967.6,3189.917,390.46436,0.2442071989257588,0.6287400860426919,1,42.42857142857143
711950.25,3989.1985,390.7965,0.2415195977313775,0.6281753414941336,1,42.391354136845116
712359.44,3182.386,391.1935,0.234154757660697,0.6284119488643056,1,42.3203549957057
711437.5,3259.6792,390.49893,0.2296439913509891,0.626449805899412,1,42.46063555682794
711727.3,3506.093,390.45575,0.2551872760829532,0.631467778854929,1,42.71428571428572
711120.25,3125.6,390.7778,0.2527516951356681,0.6327430667062356,1,42.57142857142857
710610.44,3107.3284,390.27176,0.2336965478749078,0.6264811535720182,1,42.6899513312339
712444.0,3173.99,391.1947,0.2479790501080625,0.6315899612065032,1,42.42857142857143
712162.9,3157.4434,390.7564,0.2595982426979883,0.6322401654711418,1,42.285714285714285
710510.56,3421.7366,390.60403,0.2361086088134185,0.6272252737437806,1,42.30231892356141
710175.5,3152.2832,390.22083,0.2387241251550302,0.6303651981158903,1,42.42857142857143
711689.3,3029.7876,390.13547,0.2332898178657743,0.6271118265505305,1,42.15430861723448
710902.25,3202.7004,390.6656,0.2250997423167917,0.6285083750957573,1,42.30346407099915
713429.7,3755.6272,390.85825,0.2456914570078887,0.6299861046087263,1,42.285714285714285
710621.1,3298.0183,390.57394,0.2211676731929754,0.626232139566678,1,42.71056398511309
712861.7,5570.671,390.90985,0.3159656261098984,0.6364171565388285,1,42.285714285714285
711988.0,3812.6218,390.49158,0.2346478298314438,0.626909064346813,1,42.42857142857143
710259.5,3053.201,390.2541,0.2478768800535404,0.6289452582011729,1,42.43257944460349
711713.94,3508.1282,390.82663,0.26948361625668,0.6350154632204644,1,42.42857142857143
711055.7,3216.8508,390.2716,0.2381731011316885,0.6262288130045265,1,42.285714285714285
715231.75,3416.7368,391.829,0.2381927472505585,0.6282034868239582,1,42.42857142857143
713637.7,3198.1057,391.56003,0.2553616766482141,0.6347411757320224,1,42.30002862868594
711823.56,3386.1643,390.5613,0.2506702325311423,0.6304051130498404,1,42.57142857142857
712589.44,3061.4023,390.76254,0.2609320384670628,0.6337336481629373,1,42.305181792155736
711045.1,3230.744,390.8088,0.2409487701065034,0.6290897078038942,1,42.54938448325222
712800.3,3110.3726,391.16867,0.2488031636228505,0.6327819806977271,1,42.45319209848268
711427.75,3034.6401,390.60965,0.2348994333278535,0.6294080573349132,1,42.71428571428572
713058.9,3144.9324,390.81235,0.2378882490103584,0.6285643320759337,1,42.97022616661895
714651.94,3381.5283,391.8994,0.2568158987639362,0.6360506079480325,1,43.0
715926.3,3420.5813,392.30878,0.2592748327442558,0.6347875969085978,1,43.1079301460063
720327.2,3876.0742,393.42072,0.2675205542157921,0.6376820236478621,1,43.0
723463.75,3246.867,394.55966,0.258007849689795,0.6369604663751288,1,43.0
721502.4,3529.6973,394.2239,0.2836257667024164,0.6418694767229766,1,42.75694245634126
721464.0,3526.526,394.07623,0.2659065718233671,0.6375568694643664,1,42.954766676209566
723344.9,3194.9563,394.38837,0.2732904130074916,0.6385642415684222,1,42.95219009447466
721565.2,3233.953,393.69348,0.2579020622163535,0.6335467084072157,1,43.0
723510.0,3231.216,394.58838,0.2737674953737907,0.6391770114335199,1,43.0
721904.94,3274.7573,393.84744,0.2585460464430986,0.6348765303225382,1,42.94446034926997
721166.3,3343.165,393.77362,0.2535013769840786,0.6328813751978661,1,43.058116232464926
722408.2,3504.257,394.06998,0.2646698694758767,0.6369613834833605,1,43.71800744345834
722387.44,3187.6577,393.80832,0.2524219530816936,0.6319854717725206,1,47.22244488977957
720305.9,3378.5068,393.35107,0.2762360739013898,0.6367793003398361,1,47.79129687947323
721091.44,3145.6797,394.09515,0.2711050985680079,0.6386910177708367,1,47.85714285714285
721935.06,3307.912,393.9066,0.2616885285986638,0.6357794651555873,1,47.57056971085026
719727.94,3304.1904,393.4508,0.2697582672499039,0.6384738080603608,1,47.85714285714285
720019.4,3362.5515,393.1243,0.2605199459511329,0.6319679197443919,1,47.71428571428572
720628.6,3246.447,393.68317,0.2782762424002456,0.6395845454587598,1,48.07872888634412
720273.7,3381.8462,393.44543,0.2694318781352427,0.637896837380089,1,47.57142857142857
721667.3,3348.7163,393.73956,0.252635288493126,0.6321301585659831,1,47.79816776409962
723754.7,3501.007,394.08673,0.2644445977507721,0.6341312260136098,1,47.85714285714285
720792.4,3310.6382,393.30914,0.2567600686000655,0.6331012393692004,1,47.76810764385915
720560.7,3618.226,393.65677,0.2803375631113853,0.6412455810131149,1,47.85714285714285
719518.5,3526.9536,393.2298,0.2484408074628952,0.6321040647797714,1,48.0
718467.6,3552.4463,393.06052,0.2566858281399873,0.6335544433540544,1,47.61752075579731
720558.3,3375.8948,393.3852,0.250061604780702,0.632203197392829,1,47.71428571428572
721734.44,3351.4563,393.68414,0.2579413902928387,0.6342155086766781,1,47.85714285714285
721427.1,3470.2917,393.5834,0.2672314121040369,0.6369935746438895,1,47.85714285714285
722178.56,3173.807,394.2061,0.2647478545508948,0.6377917666221213,1,47.85714285714285
718948.7,3123.981,393.1305,0.2555769559199325,0.6355664557314018,1,47.85714285714285
721492.4,3134.5637,393.65765,0.2533175491074746,0.6334839162314655,1,47.68365302032637
721481.06,3482.4136,394.07892,0.273373492256848,0.6398128778829343,1,47.57142857142857
711630.44,3485.2354,390.65195,0.2480042151958916,0.6300723328689383,1,47.45405095906098
721378.44,3630.6748,393.57117,0.2447151300719765,0.6306253627991277,1,47.57142857142857
721487.75,3260.0007,394.1891,0.2595510948814774,0.6369922349266837,1,47.71428571428572
718467.6,3181.535,392.63327,0.2520553248496147,0.633511221790122,1,47.71428571428572
718986.8,3487.193,392.78378,0.2546409867671855,0.6320477689096737,1,47.127683939307175
723404.2,3595.9116,394.54858,0.2670357984421199,0.6366016940307255,1,46.882336100772974
719296.1,3219.717,393.02258,0.2549573662262081,0.6323811956241566,1,47.11279702261663
711198.44,3242.9846,390.5605,0.2409253474136066,0.6279897897886948,1,46.84969939879758
712317.1,4011.2744,390.83704,0.2484687765705331,0.6289413617963515,1,46.70455196106498
718392.5,3804.9895,392.49268,0.276133905981863,0.6341273944161451,1,45.85714285714285
716261.94,3936.683,391.83444,0.2425093399829436,0.6291966849728929,1,46.285714285714285
712234.1,3524.3298,390.7752,0.2398006716835405,0.631724747099106,1,46.285714285714285
714416.6,3306.07,391.64496,0.2455586632554869,0.6307266027332743,1,46.70340681362727
718960.94,3144.7659,393.13312,0.2477507031361381,0.6314831715652478,1,46.285714285714285
719086.0,3317.4849,393.07056,0.2623263657169046,0.6364240473894365,1,46.15344975665617
721233.75,3206.1138,393.74533,0.2575431842912077,0.6348103084225225,1,46.0
720802.06,3147.872,393.7996,0.2646863460888928,0.6384319489558367,1,46.17434869739477
720437.44,3321.106,393.62805,0.2663204828463832,0.6379326511330803,1,46.142857142857146
721733.44,3112.5054,393.7863,0.255177924131472,0.635265932530988,1,45.57142857142857
719466.5,3226.3506,392.68134,0.2393954939950351,0.6290278285835089,1,45.142857142857146
718990.94,3480.2163,392.90298,0.250613697050186,0.6325256389636342,1,45.42857142857143
718158.3,4461.8477,393.00003,0.2529287308947152,0.6322419394690522,1,45.39994274262811
718922.94,3484.0198,393.26514,0.255313515674008,0.6359603340069542,1,45.316919553392495
719273.5,3648.497,393.1667,0.2464735243891831,0.6318463444606949,1,45.42857142857143
721533.1,3695.262,393.71786,0.2536468922780042,0.634682630254149,1,45.106498711709136
719411.8,3544.4788,393.0951,0.2704077677560978,0.6381018641007352,1,45.0
719007.25,3581.1375,393.16943,0.2550543406977978,0.6321690407379856,1,44.95848840538219
721087.75,3035.761,393.36786,0.2656819419633431,0.6348439863584342,1,44.85714285714285
718738.9,3389.783,392.9065,0.2503428593092072,0.631943311517298,1,44.760950472373324
720253.7,3389.098,393.62128,0.2700108722399696,0.6387245075891556,1,44.71428571428572
721950.6,3167.1409,393.8136,0.2582800700005077,0.6346265361537224,1,44.48038935012882
719445.06,3948.9595,392.7059,0.2481170480756072,0.6295887397292025,1,44.25164614944171
719559.5,3274.3396,393.45526,0.2651515805894782,0.637385557278563,1,44.285714285714285
717244.1,3491.2407,392.63367,0.2626819580035873,0.6363739776311164,1,44.20240480961924
718397.75,3378.8284,392.1889,0.2378438123164938,0.6258366063707949,1,44.08073289436015
719006.94,3153.0698,392.93362,0.2509456063938269,0.631638669315577,1,44.07815631262526
720162.2,3924.7815,393.1779,0.2563848263261126,0.6308097715001246,1,43.924420269109625
720147.25,3497.423,393.36685,0.2657566586794542,0.634570424097142,1,43.85714285714285
719807.6,3325.4692,393.1757,0.2558960436915818,0.6345996632132868,1,43.85714285714285
720211.6,3151.8574,393.59442,0.2696643301826267,0.6395276058782247,1,43.71428571428572
718555.56,4041.002,392.77933,0.2661678825110187,0.6353406699888038,1,43.85714285714285
718312.5,3157.8494,392.9168,0.2588961789484285,0.6356686655818805,1,43.42857142857143
717997.1,3084.3406,392.85913,0.2482700793734644,0.6335834191346904,1,43.57142857142857
718553.0,3128.5398,392.708,0.2470652586362334,0.6321755149522573,1,43.57142857142857
713174.9,5589.0474,391.60715,0.4606815417025798,0.6496353986769341,1,43.46149441740622
712822.94,3170.4128,391.0496,0.2386504266195097,0.6290958557854587,1,43.42857142857143
713263.6,3210.478,390.85388,0.2281739112749741,0.6233104835022473,1,43.285714285714285
711344.9,3458.896,390.51553,0.2523769696849651,0.6317998101881765,1,43.57142857142857
720748.75,3261.0344,393.38867,0.2631017041002161,0.6343391147879396,1,43.42857142857143
719865.75,3349.009,393.79535,0.2580509364959495,0.6369340870996296,1,43.57142857142857
721262.75,4027.3555,393.93198,0.2671785181284827,0.6375086037466392,1,43.42857142857143
719594.2,3349.0933,393.0069,0.2686491361248215,0.6362850095347107,1,43.71428571428572
720264.1,3846.5747,393.0707,0.2367066891925744,0.627762395934422,1,43.71428571428572
722235.1,3237.522,394.06055,0.2758194198270964,0.639510251590352,1,43.71428571428572
716413.8,4016.4802,392.09,0.2517129736496697,0.6295083493234165,1,43.54222731176638
717520.06,3220.4795,392.38248,0.2534606393609482,0.6327537940299688,1,43.71428571428572
711967.06,3874.138,390.70203,0.2474915675928186,0.630187491036671,1,43.71428571428572
711821.9,3187.6833,390.39694,0.2441255967890998,0.6298099843269356,1,43.85714285714285
719156.06,3338.1013,393.0605,0.2590257379174403,0.6357781792791264,1,44.0
722387.8,3305.034,393.66306,0.2689286348189155,0.6360659194533334,1,43.85714285714285
712236.9,3673.3083,390.69104,0.2404844672074664,0.6273745077151902,1,44.142857142857146
711762.94,3318.94,390.57007,0.2208552871071201,0.6239605546694675,1,44.41740624105355
711654.1,4421.164,390.40002,0.2592698665252362,0.6286112381765921,1,44.57142857142857
713794.4,3734.8384,391.60043,0.2343484729442813,0.6296665224097239,1,44.57142857142857
723298.8,3630.7444,394.1383,0.2618969496345755,0.6367695673452268,1,44.57829945605499
720517.3,3301.169,393.3152,0.2536247407766359,0.6326522266698954,1,44.57142857142857
718099.5,3326.7703,392.8225,0.2561913033615215,0.6340625871602341,1,44.71428571428572
712072.75,6080.009,390.6736,0.2987451456572776,0.6337348131996812,1,44.85714285714285
716778.06,3177.3582,392.35956,0.2625910715665385,0.6341993308017931,1,45.142857142857146
718237.9,3436.5461,392.87964,0.2691712698074484,0.6360341210901855,1,45.142857142857146
720940.56,3276.7292,393.65387,0.2554599900489518,0.6348894814960789,1,45.01202404809617
719915.0,3877.2476,393.32156,0.2609435215771762,0.6350339445987415,1,45.142857142857146
721416.94,3184.6614,393.46024,0.2661459146073777,0.6359650919647725,1,45.30289149728027
730060.6,8614.723,401.81253,7.49299176888017,1.118294780074356,1,45.57142857142857
720094.7,7111.1465,393.2892,0.4892062053864552,0.6508702328445456,1,45.57142857142857
720019.44,4106.879,393.40262,0.2667306726142269,0.6346642871343148,1,45.57142857142857
718704.44,3185.8176,392.48508,0.2637862123681866,0.6338865498400621,1,45.972516461494415
722093.44,3378.9563,393.8519,0.2543445619970579,0.6335524961551244,1,46.05267678213571
720541.5,3168.7185,393.52115,0.24895882016324,0.6325832200827091,1,46.142857142857146
718293.06,3234.015,392.7399,0.262621433109691,0.6352077105849235,1,45.85714285714285
718923.06,3475.4868,392.8111,0.2623200543815001,0.6358058818889436,1,46.35299169768113
721219.2,3117.4622,393.75095,0.2335727508836087,0.6293585849476397,1,46.18322359003722
718769.4,4326.372,392.65604,0.2452153085579587,0.6296138234408535,1,46.242771256799315
720208.06,3142.3916,393.5378,0.2510687189701914,0.6345807702497811,1,46.376753507014
720892.0,4925.48,393.92868,0.2520704269543095,0.6329520852525937,1,46.18952190094478
719796.5,3332.3079,393.59552,0.2752717992381033,0.6397680252581278,1,46.52991697681078
718299.7,3145.481,392.781,0.244334544554333,0.6316808331225918,1,46.661036358431154
718287.7,3344.6057,392.7741,0.239702747305027,0.6305418038893567,1,46.770111651875176
719328.8,3135.7432,393.29584,0.282769414731522,0.6410541785928756,1,46.51302605210422
720487.7,3284.461,393.8573,0.280310275559775,0.6392467478905399,1,46.85714285714285
720293.94,3285.2222,393.29553,0.2322126193914084,0.6280166027286962,1,46.85714285714285
719294.56,3682.8652,393.09927,0.2547158917001924,0.6349616859395592,1,46.71428571428572
718010.3,3205.8662,392.57355,0.24878089357852,0.6304601335437825,1,46.78299456054966
721343.44,3252.855,393.82605,0.264561546381274,0.6366050482286802,1,46.928714572001155
718305.7,4011.747,392.67032,0.2737979284748837,0.637194851516847,1,47.0
749900.5,11524.913,419.41318,24.281511773082407,2.1129115332199744,1,47.0
718185.94,3779.4023,392.67355,0.2596221353154337,0.63398671880211,1,47.0
719604.0,3248.1768,393.25388,0.2412591614528909,0.633338392289859,1,46.85714285714285
719849.8,3130.9585,393.3281,0.2655508073908028,0.6352896552490332,1,46.798454050959045
719827.1,4086.7842,393.70685,0.266823054220703,0.6385250625247529,1,46.85714285714285
712869.1,3183.1685,391.21127,0.2433796903346166,0.6317387003856011,1,47.0
718459.5,3432.2065,393.05487,0.2476319331783902,0.6329775269807159,1,47.142857142857146
719112.7,3715.0002,392.75803,0.2395954885949711,0.6295173163440799,1,47.285714285714285
720016.5,3377.5164,393.25253,0.2542025078856489,0.6329523222548309,1,46.85714285714285
715149.2,3467.156,391.43848,0.2583984941714652,0.6314759215535524,1,46.81391354136842
712424.0,3016.2522,390.71967,0.2363373390620853,0.630008074238021,1,47.0
711436.44,3245.917,390.79837,0.2338760922451856,0.6281392625626654,1,47.0
711282.3,3520.4224,390.41357,0.2292644906842129,0.6253728450676868,1,46.85714285714285
710488.56,3629.5906,390.0068,0.2361093031525833,0.6285602299623496,1,46.93415402233034
711301.25,3045.816,390.3079,0.230465414310184,0.6272157046379991,1,46.60177497852851
711253.5,3170.3914,390.52045,0.2239296689479029,0.6249475819147058,1,46.71428571428572
710573.7,3137.6558,390.45612,0.2410771906250559,0.6306753065133538,1,46.73947895791584
711811.25,3436.9207,390.65463,0.2398884947633695,0.6271838397060826,1,46.977383338104765
712434.2,3356.799,390.79898,0.2415584833895314,0.6277138517920764,1,46.85714285714285
710895.75,4087.8508,390.70456,0.2513023526094393,0.6320315373590781,1,46.553965073003155
712006.8,3375.639,390.7354,0.2367635691146898,0.6284117291808846,1,46.44345834526195
712869.5,3941.7795,391.1127,0.2290362097180684,0.6276204070745397,1,46.987689665044364
710210.6,4164.4023,390.49142,0.2717875613842899,0.6335116993078477,1,47.00973375322074
712195.8,3451.9736,391.0104,0.2293998748495829,0.6274277436194878,1,47.0
710625.7,3544.4946,390.03036,0.2541781650991885,0.6301686693068818,1,46.85714285714285
711250.1,3115.307,390.60205,0.2431293917727135,0.6299259203954634,1,47.00200400801604
710851.2,3390.255,390.32275,0.2317045581240395,0.6268088625197993,1,47.000572573718856
711932.75,3115.1147,391.23108,0.2672097362703822,0.6378771129513977,1,46.860292012596595
712235.4,3095.8555,391.3622,0.2543959095545971,0.6328455338963769,1,46.85714285714285
711482.75,3026.2024,390.5021,0.2287538635031865,0.6265025423984281,1,46.85714285714285
712049.9,3470.4204,390.80295,0.2565479032525006,0.6336287898687503,1,46.84626395648439
711616.94,3339.7979,391.05972,0.2382175623097082,0.6302646585543198,1,46.98654451760665
721927.0,3215.3416,394.03528,0.2671859188136816,0.6375609422502084,1,47.0
719442.75,3198.6787,393.55136,0.2678160128430238,0.6375338402922794,1,46.98139135413687
721046.25,3251.7627,393.928,0.2623569303472717,0.6368585928932414,1,47.02118522759805
715737.5,3146.7856,391.9228,0.2447191066010616,0.6321137585328436,1,47.142857142857146
717728.4,3208.989,392.9732,0.2651299142791532,0.6367376634329304,1,46.83080446607501
716363.1,3317.0637,392.30283,0.2651545824282757,0.6355512003939424,1,46.77211565989118
717946.56,6246.731,392.54608,0.3653039205248265,0.6409755202869181,1,46.85714285714285
719721.0,3434.8696,393.3099,0.267879786948288,0.637829282538077,1,47.17692527912969
718952.06,3121.3281,392.9401,0.269925968910079,0.6383601588772191,1,47.0
722778.9,3264.62,394.3511,0.2566321690799142,0.6362562427736206,1,47.0
721912.94,3280.1602,394.6091,0.2727911328993699,0.6407058519532773,1,47.24391640423706
718907.1,3906.172,393.04587,0.2653240170781998,0.6359719355439516,1,46.85714285714285
719235.6,3211.0642,392.969,0.2620869291119478,0.6342774046174108,1,46.76123675923275
718611.5,3335.926,393.1716,0.2734436135041482,0.6373515907323573,1,46.71428571428572
721577.3,4206.145,393.70395,0.2463787494185259,0.6308198575574268,1,47.0
723170.44,3124.8005,394.22623,0.247842159860276,0.6345981605439758,1,46.51674778127686
722237.06,3173.157,394.25958,0.2622025612987673,0.6359141224711699,1,46.82880045805899
720417.0,3217.448,393.3166,0.2449186063751054,0.6322099861703697,1,46.57142857142857
716364.0,3301.0642,391.934,0.2521687414620106,0.6326346806072195,1,46.85714285714285
710384.7,3487.4675,390.58627,0.2395994218034345,0.6293126636295348,1,46.79215574005155
715900.94,3160.3105,392.00742,0.2619026042588777,0.6362512482796532,1,46.92470655596905
720442.75,3405.0764,393.62933,0.2679349897940084,0.6357731265628604,1,46.92728313770398
712354.7,3423.0708,390.7075,0.2547540790079905,0.6310164412879268,1,46.85456627540797
712282.8,3498.6604,390.5118,0.2358894041082182,0.6262218624409222,1,46.71428571428572
712351.56,3400.8616,391.49207,0.246238624540191,0.6352657994193862,1,47.0
711869.94,3136.0742,390.33945,0.2436678924994466,0.6273606598183524,1,47.142857142857146
712488.1,3679.2153,391.02148,0.2340077177974788,0.6280330072730999,1,47.08302318923562
712641.56,3142.0586,390.83984,0.2312143486211155,0.6259293449390898,1,47.285714285714285
711442.6,3172.768,390.58594,0.2398504044974845,0.6279908589772015,1,46.9118236472946
713245.1,3252.2517,391.07706,0.2481929010242956,0.631229209012638,1,47.0
711152.9,3939.044,389.97217,0.2497796121528517,0.6278527432801068,1,46.906670483824776
711631.1,3589.4429,390.27808,0.2383631657234111,0.6264005622994714,1,46.71428571428572
711912.9,3210.806,390.51276,0.2221205933023373,0.6225457070939243,1,46.71428571428572
711456.0,3309.312,390.95026,0.2511162101411845,0.6321123432611202,1,46.42857142857143
716306.8,2994.2803,391.80188,0.242735637758134,0.6288372132845573,1,46.89636415688521
712586.1,3216.0713,390.96152,0.2392703149960802,0.6296075928821164,1,47.0
712078.9,3261.3865,390.78604,0.2331038482929286,0.6263597911761016,1,47.0
711641.2,3473.8845,390.75598,0.2381901421776526,0.6294461076360808,1,46.85714285714285
711267.94,3531.0112,390.7932,0.252141566594938,0.6318689224577433,1,46.85714285714285
711938.7,4579.8364,390.71313,0.242795331980298,0.6292128112767886,1,46.71428571428572
712617.44,3306.1484,391.3093,0.230940755777159,0.6275588052626584,1,46.57142857142857
712948.5,4245.964,391.08066,0.2785123666209723,0.6359346801558304,1,46.42857142857143
712958.5,3179.0132,390.85117,0.2440565236815479,0.6281647934740023,1,46.59003721729174
710564.4,3179.0723,389.87286,0.2484511157365041,0.6287307686886751,1,47.237618093329466
712782.0,3138.366,390.84497,0.2256968501759466,0.6242103738738166,1,47.142857142857146
711580.3,3346.3242,390.81415,0.2368340924774301,0.6294363455338351,1,46.98912109934151
712692.0,3858.112,390.97964,0.2411145952440394,0.6296635972156865,1,46.56312625250497
710326.9,3228.0002,390.2069,0.2286578885960595,0.6267273102071437,1,46.42857142857143
711618.9,3140.4849,390.52676,0.2360538375025651,0.6267120044028044,1,46.71743486973947
710792.0,3047.2087,390.57422,0.2379691203178997,0.627125367032933,1,46.71485828800458
711700.0,3333.053,390.57928,0.2500385333599584,0.6308280494067563,1,46.85714285714285
711438.0,3423.1497,390.87738,0.243246749054852,0.6305180663007309,1,46.86172344689377
711766.2,3584.934,390.66888,0.2311185133999305,0.6279527032488859,1,46.71428571428572
711002.5,3624.9673,390.3592,0.2413133242298495,0.6280988030493128,1,46.42857142857143
710229.56,3175.7866,389.77856,0.239203961427818,0.6271961599272231,1,46.54680790151737
711136.94,3053.325,390.71927,0.2512403103227059,0.6311559351265253,1,46.71428571428572
710923.25,3830.9724,390.6154,0.2449584075614082,0.6301840945546705,1,46.85714285714285
710349.4,3080.36,390.0304,0.2419934116937061,0.6288754314541255,1,46.71428571428572
711642.56,3196.3674,390.69684,0.2277127236822518,0.6245096346168041,1,46.69166905239049
711902.5,3331.5706,390.5702,0.2353959563830767,0.6273293612577152,1,46.71428571428572
713068.56,3332.736,390.99588,0.2559220442545005,0.6323144381497096,1,46.6865158889207
709715.1,3110.6348,390.23978,0.2586311560049994,0.6319799158833318,1,46.85714285714285
711673.06,3375.2412,390.86044,0.2482000072976684,0.6310498213145906,1,46.824219868308056
711277.0,3452.3367,390.34445,0.2371593814963377,0.6288947055209879,1,46.71428571428572
712452.44,3078.8877,390.7431,0.2235109097668104,0.6258598491534397,1,46.85714285714285
712846.0,3363.7932,390.94702,0.247332298988212,0.6313659283359959,1,46.85714285714285
710273.7,3274.3616,390.30328,0.2374940232503934,0.6281777305962073,1,47.04322931577437
710032.9,3098.6814,390.46936,0.2390660638317041,0.629179998715253,1,46.71428571428572
712158.3,3113.5754,391.05713,0.2522896221359763,0.6328403417674651,1,46.762668193529926
710564.1,3472.6538,390.33713,0.2574323330828214,0.6337033370195311,1,46.62238763240768
710951.0,3050.8557,390.32758,0.2345545321243101,0.6269511278951209,1,46.71428571428572
711129.2,3703.1313,390.68576,0.249243798198814,0.6305877635160294,1,46.71428571428572
711788.9,3863.188,390.80746,0.2447789960754982,0.6282352353910698,1,46.63011737761235
711457.5,3447.1628,390.06805,0.2425980147990709,0.6274373460384282,1,46.77555110220438
709395.6,3467.7686,390.05933,0.240963994841687,0.6296459369623285,1,46.71428571428572
712515.1,3124.4617,391.07,0.2267442315674688,0.6254186444391628,1,46.85714285714285
713781.25,3142.0723,390.8541,0.2449467435756176,0.6281399751330037,1,47.0
712729.5,3359.7007,391.0332,0.2379416543481327,0.6291099691315437,1,46.928714572001155
711681.1,2999.4976,390.34753,0.2300214074371149,0.6238972370517949,1,46.8625823074721
712039.4,3063.4492,390.93564,0.2574220989838407,0.6329374170973452,1,46.93386773547094
712685.4,3018.7607,391.6678,0.2549613217445632,0.6348908029598358,1,46.77784139707988
712437.06,3255.0393,390.38544,0.2427368050692457,0.6282781176910026,1,46.57142857142857
712114.9,3372.7761,390.98215,0.2518248140546837,0.6342452709310613,1,46.94159748067561
711946.6,3150.395,390.80017,0.236424338421314,0.6282457626641683,1,46.944174062410504
709776.2,3184.4739,389.82022,0.238236064237002,0.6295528504231087,1,46.946750644145396
711244.75,3336.0576,390.51508,0.2596963106914027,0.6326297545516503,1,46.90781563126256
712241.1,3488.5527,391.1056,0.2346425237836142,0.6291345234864841,1,46.71428571428572
711972.25,3404.4421,390.92166,0.2434009519221494,0.6306951785575711,1,46.71428571428572
711292.06,3199.6602,390.84872,0.2442073812788683,0.6325098743811034,1,46.85714285714285
712451.6,3522.1614,390.89642,0.2467580542238381,0.6327745765733579,1,46.95963355281992
712180.4,3286.1992,390.6895,0.2249349064368728,0.625314319241985,1,46.89493272258804
711428.06,3731.2585,390.59344,0.2246440606156547,0.6262120456225244,1,46.71428571428572
712318.75,3496.985,390.26913,0.2194986977535857,0.622796861085104,1,47.0
712239.0,2993.4177,390.5699,0.2333834151827614,0.6262446602410494,1,46.85714285714285
712270.56,3901.9417,390.95355,0.2388602884273516,0.6300704836097312,1,46.88462639564847
711350.0,3159.4146,391.00342,0.2468154772131745,0.6324076404295046,1,46.85714285714285
710519.2,3468.245,390.65625,0.2398600423202994,0.6298250907162323,1,46.57142857142857
710801.2,3294.8076,390.724,0.2447744046135156,0.6318035123107744,1,46.44832522187231
711651.56,4381.601,390.97925,0.246997483167302,0.6294369440490452,1,46.71428571428572
712536.75,3164.6428,391.19687,0.2508211784128669,0.6320103375792121,1,46.58602920125966
712809.5,3151.7668,391.0098,0.2256259401698996,0.62464218326097,1,46.57142857142857
710692.75,3146.309,390.356,0.2409327987336498,0.6288552629937862,1,46.580876037789885
710839.06,3425.0422,390.03528,0.2390613632324241,0.6261616757650391,1,46.850271972516424
709675.94,3113.0605,389.93143,0.2305408346502915,0.6288133786692922,1,46.56713426853704
712432.0,3436.1748,391.07864,0.2282108385848524,0.6268054367249016,1,46.57142857142857
712882.44,3475.228,391.17896,0.2477236404911296,0.6293110040716752,1,46.71428571428572
722615.94,3344.7412,394.2152,0.2633987830370414,0.6369899719759387,1,46.57142857142857
713513.3,3306.5251,391.08945,0.241928969952708,0.6275311738453051,1,46.57142857142857
717828.8,3254.4058,392.51266,0.2542323479968869,0.6307793400587035,1,46.57142857142857
722800.94,3090.1982,394.13452,0.2559894152197719,0.6356864185521303,1,46.70312052676783
722260.4,3312.145,393.88278,0.2952721009446044,0.6428979817994256,1,46.8296593186373
721483.1,3174.1384,394.27017,0.2723295405147565,0.6398149961403438,1,46.98368164901233
722597.75,3251.2798,394.3512,0.2713021241348934,0.637526987967748,1,46.85714285714285
720394.44,3413.2842,393.39465,0.2574977597978698,0.6343674550197945,1,47.142857142857146
722192.44,3218.7925,393.88763,0.259087231686312,0.6345314872588256,1,46.57142857142857
719671.1,3242.0576,393.35397,0.2501285836001727,0.6329141179335324,1,46.57142857142857
720664.5,3571.9028,393.54214,0.2721926241526002,0.6361831682487925,1,46.85714285714285
721240.4,3002.7646,393.7847,0.253307912308212,0.6349718916262758,1,46.57142857142857
712592.9,3134.246,390.94427,0.2473124433548466,0.6320801693723764,1,46.60578299456055
714947.5,3185.6624,391.4111,0.2331653174728982,0.6278860146749599,1,46.75121671915258
719321.06,3289.0876,393.06946,0.2571450863661257,0.633260514878245,1,46.61093615803033
717771.94,3261.9927,393.0518,0.2504782603358606,0.6334524719179244,1,46.57142857142857
710381.25,3213.8726,390.77463,0.2613102877066144,0.636731416011134,1,46.51789292871452
721185.44,3332.5386,393.4565,0.2656299715054544,0.635686757019789,1,46.285714285714285
719747.75,4852.1963,393.39102,0.2636628802552549,0.6351629627620456,1,46.47838534211275
718520.25,4045.3164,393.10596,0.2704024422454334,0.6381299833530392,1,46.42857142857143
718332.44,3168.6914,392.80096,0.2417412546822395,0.6317594268929795,1,46.71428571428572
717122.56,3290.933,392.0727,0.2360609686683141,0.6276337326295686,1,46.48611508731749
716630.5,4187.048,392.72464,0.2636526309598173,0.6370655077093283,1,46.34583452619524
719228.7,3129.9392,393.21997,0.2548988471927425,0.6354454830225107,1,46.42857142857143
718101.9,3260.5706,392.76367,0.2536132514588449,0.6336033077439769,1,46.71428571428572
718189.4,3424.8535,392.84512,0.2409562456706906,0.6311577684386018,1,46.57142857142857
717015.75,3152.1746,392.3331,0.2542940133031321,0.6324035778134091,1,46.42857142857143
716649.44,4592.666,392.7309,0.2831143903164519,0.6410211559128302,1,46.85714285714285
715154.4,3599.5,392.13556,0.2377856280097767,0.6308632864260372,1,46.579730890352046
717603.94,3436.0146,392.57608,0.2571020979043155,0.6307756440618282,1,46.92184368737473
718392.75,3326.5972,393.02542,0.2577083487219909,0.6359040775265755,1,46.85714285714285
718580.94,3163.2922,392.79315,0.2594106904776581,0.6343450843844145,1,46.773833381047815
718301.9,3307.0454,392.2905,0.2396292912570157,0.6288789993294308,1,46.34268537074149
718280.0,3431.3533,392.74152,0.2564386737966901,0.6329041404089467,1,46.285714285714285
716309.8,3446.9258,392.42194,0.2518220009053098,0.6326889291398672,1,46.57142857142857
716801.6,3624.2087,392.43307,0.2587280567248586,0.6342505620349298,1,46.665044374463186
718392.8,3730.0479,393.0258,0.252102343710098,0.6331777336557944,1,46.33237904380193
719881.8,3678.8728,393.42188,0.2666123838097274,0.6356341904523136,1,46.57142857142857
721417.9,5706.1523,393.91306,0.3298317942057904,0.6414237430788322,1,46.57142857142857
719259.94,3287.0183,392.77127,0.2663012291476132,0.6347314627155575,1,46.81820784425995
716881.25,3406.0442,392.54266,0.2703093386717854,0.6388118464487471,1,46.820784425994844
720434.75,3292.5117,393.59503,0.2573657613648361,0.6342092766861916,1,46.57142857142857
715587.94,3265.1226,391.8221,0.2453074361249685,0.6318919351588951,1,46.57142857142857
715546.1,3111.6528,391.81726,0.2572214062877003,0.6316043655683307,1,46.85714285714285
720022.0,4088.5679,393.45798,0.259264370045452,0.6348066880608244,1,46.71428571428572
717276.06,3606.2974,392.39566,0.2569595593767664,0.6343690819547494,1,46.73776123675927
717988.3,3309.9148,392.3699,0.2569562043743087,0.633571576990746,1,46.71428571428572
719966.3,3641.9045,393.07693,0.2700735115329129,0.6391752185808223,1,46.85714285714285
717878.2,3317.3306,392.65262,0.2349639753869206,0.6283389242020584,1,47.0
710963.1,4430.134,390.54126,0.2481211235537652,0.6299937057478322,1,46.57142857142857
716118.3,3374.8274,391.89453,0.2639566903700783,0.6354291408315074,1,46.42857142857143
720947.56,3148.0598,393.3147,0.2535275228507174,0.6327039947918666,1,46.42857142857143
716723.6,3643.3296,392.23184,0.2524663084674459,0.6315456617224255,1,46.71428571428572
719521.75,3131.465,393.13455,0.2613557384279201,0.6349477239824136,1,47.0
715326.9,3199.8833,391.64294,0.2584563030354689,0.6324963329358101,1,47.0
712602.8,3215.3271,391.0526,0.249772586523548,0.6334100826192882,1,47.0
713893.2,3390.8137,391.4459,0.2642982122048085,0.6362896735951497,1,46.724019467506366
717768.75,3183.5469,392.43924,0.2540199520218169,0.6339872452626523,1,46.71428571428572
719690.3,4420.8896,393.3281,0.2740904670856556,0.6375338397631921,1,47.15287718293732
712416.4,4283.7847,390.83344,0.2531480190336768,0.631941939149645,1,47.42857142857143
717173.9,3210.896,392.52805,0.2508404628219915,0.6318542087352728,1,46.74463212138563
720256.6,3727.773,393.56625,0.2717159670002917,0.6377651946722386,1,47.0
720075.0,3268.992,393.60272,0.2704051151608859,0.6388291272442164,1,47.142857142857146
719809.56,3803.9434,393.2231,0.2568209496401024,0.6349752483670831,1,47.142857142857146
716844.4,3494.6782,392.20645,0.2626753077029269,0.6350534791986192,1,46.85714285714285
721446.8,3390.662,393.39566,0.2646569116728723,0.634940889960941,1,47.0
717449.8,3398.7156,392.859,0.266433432561016,0.6369838525505822,1,46.63269395934717
720686.3,3205.6592,393.22537,0.2508975851953683,0.6333715245819088,1,46.71428571428572
721494.8,3627.2078,393.9274,0.2527866031702523,0.6341118915231571,1,46.60721442885772
712919.06,4054.9324,391.41058,0.2611395349527363,0.6360946653072702,1,46.675923275121676
710165.94,3093.7258,390.35614,0.2470237154326438,0.6323372062226701,1,46.61236759232751
710510.75,3041.3643,390.2678,0.2386509743718177,0.630130475771989,1,47.043515602633825
710006.8,3115.2593,390.0562,0.2368981871055115,0.6294554222121025,1,46.80647008302316
709023.44,3151.0972,389.863,0.2386760763014042,0.6310910967310571,1,46.85714285714285
709947.06,3177.131,390.24722,0.2416156329201597,0.6276936263436477,1,46.85714285714285
709373.06,4304.082,390.2219,0.2415509800591322,0.6298710647592028,1,46.85714285714285
708258.8,4113.4634,389.24097,0.2376333519946398,0.6259412117338238,1,47.0
709301.94,3968.6191,390.17728,0.2429000390988367,0.6309402593601109,1,46.941024906956756
709475.44,3208.8042,389.99283,0.2318674255830872,0.6264297421501424,1,46.795591182364724
709243.5,3220.0398,389.8311,0.2261917907088717,0.6250022659594755,1,46.85714285714285
709550.06,3196.2744,390.0159,0.2309311912102827,0.6279102562417437,1,46.93329516175208
710814.4,3131.7708,390.46667,0.2304225008505294,0.6284639715360008,1,47.21643286573148
709577.8,3499.7036,390.1048,0.2324818879825549,0.6270567569463508,1,47.21471514457484
709952.4,3339.8315,390.00305,0.2413633876854075,0.6320341520275474,1,47.285714285714285
709789.9,3370.8582,390.3532,0.2424978783681401,0.6307019196404575,1,47.142857142857146
709912.2,3602.794,390.02332,0.2266933749289736,0.6233138107114197,1,47.0
709896.2,3103.776,390.47348,0.2395442276587518,0.6286440116673454,1,46.87861437160025
708678.06,3184.119,389.63412,0.2347361083109884,0.6279700095068697,1,46.57142857142857
708863.0,3175.9497,389.84467,0.2638118408962095,0.6351557981595352,1,46.71428571428572
709212.75,3421.6963,389.58926,0.2382786486099473,0.6277502914659334,1,46.94703693100486
709847.4,3427.0286,390.14163,0.2400486258877765,0.6296478422639797,1,46.907529344403095
709282.0,3133.644,390.0658,0.2417695408288893,0.6278071321898444,1,46.952190094474645
710033.25,6955.2793,390.45682,0.5063884010440556,0.6505881217400313,1,46.71428571428572
709992.56,3632.8823,389.90747,0.2495622101634711,0.6300446344886503,1,46.671628972230145
709704.6,3172.8298,390.23315,0.2570936256930625,0.6328477130804683,1,47.10277698253646
709670.8,3336.984,390.4711,0.2652725469433337,0.6351529134737405,1,47.0
710094.6,3341.374,390.0438,0.2283892362948765,0.6244835759110465,1,47.142857142857146
710075.7,3197.1895,390.23596,0.2384933449410526,0.6301912263961913,1,47.0
708987.56,3403.507,389.95053,0.2392662298850085,0.6294984659494653,1,46.97022616661895
709486.25,3145.5552,390.31076,0.2477505941942936,0.631188121318132,1,47.0
710757.3,3210.3938,390.05542,0.2393596792185559,0.6275572856020267,1,46.596049241339834
708400.8,3612.0022,389.7638,0.2501068568880593,0.6292369654983944,1,46.85714285714285
709260.94,4144.6006,389.93704,0.2479256532949945,0.6302754927246028,1,46.83767535070137
708948.5,3393.9773,389.8164,0.2437401874756539,0.6295053550448326,1,46.823361007729666
708835.9,5333.2637,390.12625,0.2724262923812772,0.6365831920222987,1,46.84282851417115
709862.3,3372.9846,390.063,0.2387790833151308,0.6281863130308153,1,46.72602347552253
710165.94,3267.117,390.60123,0.2437830218277015,0.6314794757737772,1,46.42857142857143
709985.3,3034.2283,390.17932,0.2218168259376467,0.6243649926717219,1,46.43515602633839
709678.0,3435.3667,389.78033,0.2451588573906766,0.6270873778813455,1,46.85714285714285
709050.06,3952.2349,389.83603,0.2453169086475415,0.6297274108358971,1,46.85714285714285
709946.4,3615.711,390.20013,0.2462649241561472,0.6299586201266584,1,46.42857142857143
708667.4,3110.7993,389.74698,0.2422506121442378,0.6276313347364164,1,46.57142857142857
709849.6,3533.1606,390.23227,0.2383909538814643,0.6278688480003529,1,46.14915545376464
709524.2,3212.8687,390.17297,0.2480112826461247,0.63014636856533,1,46.142857142857146
708368.56,3595.164,389.49084,0.2472466645797113,0.6292628590804387,1,46.285714285714285
708021.06,3219.5356,389.614,0.2429387333981831,0.6287884946998259,1,46.27168622960211
708045.94,3034.435,389.68774,0.2434359735851758,0.629161771938944,1,46.57142857142857
710381.5,3015.1194,390.39114,0.2409115034107203,0.6304609165381703,1,46.71428571428572
710857.5,2971.6624,390.72662,0.2470349561443745,0.6332106307412048,1,46.71428571428572
708118.7,3498.048,389.8603,0.2336584455795192,0.6296492039231416,1,47.0
709713.94,3901.715,390.1677,0.2412785784853692,0.630723470479098,1,47.0
709347.0,3803.4075,389.8625,0.2529871375395305,0.6309910217661471,1,47.0
708270.9,3715.9954,389.24887,0.2391041260133781,0.6276717161246103,1,47.11079301460067
708773.8,3959.7551,389.66788,0.2510720104128281,0.6309606744484795,1,47.0
709457.4,3211.7085,389.8985,0.2382464884102932,0.6282166366531854,1,46.63985113083319
708799.25,3599.5867,389.68918,0.2500350870814372,0.6323654042518889,1,46.89693673060407
709331.0,3252.0923,389.9695,0.2437068946389486,0.6287302647242999,1,46.85714285714285
708193.9,4762.65,390.09036,0.2405649958060429,0.6283184068435013,1,47.142857142857146
709820.4,3210.446,389.9728,0.2457136362388992,0.6287601402738459,1,47.0
710414.4,3462.5505,390.1354,0.2323395288881089,0.6260535923061861,1,46.66418551388493
708784.94,3034.5493,389.58868,0.2467374940592246,0.6309183183212411,1,46.57142857142857
708841.94,3168.951,389.7295,0.2472691117105885,0.6277098031579678,1,46.57142857142857
709235.2,3521.7498,389.77866,0.2458902781706733,0.6308205459598051,1,46.71428571428572
709821.6,3376.8508,390.13086,0.2478440776930632,0.6311174169679464,1,46.631835098768924
710243.0,3293.3254,389.75684,0.232576273777159,0.62648258934564,1,46.63441168050382
709009.94,3368.8606,389.86365,0.2380933928669071,0.6278212818975706,1,46.36301173776123
710648.1,3140.9712,390.52936,0.2405876072979165,0.6317025967119075,1,46.42857142857143
709468.25,2956.1335,390.2068,0.2387053035111725,0.63014217319454,1,46.35785857429145
709843.25,3209.6008,389.92123,0.2396779912263049,0.6262895051966617,1,46.64471800744345
710200.4,3163.7668,390.57117,0.2370454748930903,0.6305138586556477,1,46.790151732035476
710336.9,4412.5693,390.52145,0.2570691826504725,0.6313873049009506,1,46.71428571428572
708634.1,3170.0417,389.60065,0.2421822834374052,0.631111200203535,1,46.91898081878045
708504.3,3759.8374,389.67215,0.2503368197098319,0.6287543079943093,1,46.63068995133128
708866.25,3238.222,389.95337,0.2422847082733783,0.62961312518313,1,46.71428571428572
708039.94,3234.6785,389.7004,0.2379526583993687,0.6275586646368395,1,46.482679645004346
707377.4,4028.4214,389.60162,0.2581826231903728,0.6335403501017418,1,46.42857142857143
708545.6,3724.4404,389.91602,0.2457683527631768,0.6305439786167744,1,46.57142857142857
709169.25,4290.4434,390.36655,0.248453348383538,0.6338906978917509,1,46.52505010020039
707857.6,3017.2004,389.94952,0.2460466165813342,0.6319967452542204,1,46.57142857142857
709591.3,3686.9473,390.18732,0.25384400438588,0.6327741484527338,1,46.530203263670174
708904.2,3921.058,389.41678,0.2370202660499276,0.6255922139699988,1,46.42857142857143
715879.4,3168.9707,392.17612,0.2406813845400104,0.630543885627188,1,46.71428571428572
714247.6,3505.2842,391.9413,0.2613032647405999,0.6358242780284089,1,47.10936158030342
710737.25,3722.829,390.43506,0.2492046842239363,0.6313065714069407,1,46.71428571428572
709065.6,2943.0786,390.15878,0.2427225957527308,0.6306935434736447,1,46.85714285714285
708472.8,3098.7703,389.7427,0.2538285029267619,0.6323903033235877,1,46.42857142857143
709776.6,3199.7812,390.2794,0.2258554909353201,0.6272966873221674,1,46.52505010020039
710360.75,3110.0627,390.21182,0.2373311177762511,0.6269666743277892,1,46.40795877469223
707895.2,3197.8206,389.55774,0.2363727874771917,0.6273172265874509,1,46.553392499284264
709430.94,3095.279,390.3605,0.232353182376078,0.6283437901911507,1,46.57142857142857
709465.3,3195.7449,389.94116,0.2517493854254846,0.6318356174135901,1,46.42857142857143
709539.7,3105.1475,389.81555,0.234283955008355,0.6251365654123172,1,46.285714285714285
709453.44,3872.5286,390.2588,0.2576374957501048,0.633010961311465,1,46.42857142857143
708374.94,3151.3337,389.90112,0.2333768613460436,0.6277358846075454,1,46.142857142857146
709329.75,3763.7195,390.21667,0.2512158561496207,0.6316657716998169,1,46.14543372459204
709223.56,4420.4067,390.1711,0.2656979906781265,0.6325497834590225,1,46.142857142857146
