Potencia,Maximo,DesvioPadrao,Curtose,Assimetria
708764.3,3307.2927,389.89792,0.24155355333041806,0.6294388318186611
708258.94,3798.3179,389.42554,0.24359909319142847,0.6299222239251776
708159.5,3085.7046,389.54593,0.24617623887683937,0.6291153284840226
705815.75,3362.354,389.10864,0.2515875658888893,0.6289772469385613
709202.2,3370.8494,389.59177,0.23581742654021287,0.6262793886193344
708618.7,3077.0376,389.6195,0.23572813893060696,0.6278553852262531
709290.44,3649.1472,390.0254,0.24432080587553529,0.6297204791918856
711323.5,3262.6777,390.1991,0.24325730190212091,0.6304302517083452
710485.56,3214.3818,390.04684,0.24888357682269202,0.6302984787050722
720022.06,3291.5713,393.48236,0.25611024518592806,0.6361515353557922
720069.8,3237.0952,393.67792,0.2804196697119621,0.640607701906197
715067.8,3753.8452,391.90125,0.2537783732121217,0.6329408046086336
710196.56,3295.533,390.17786,0.22427529804958635,0.6268754648546029
713367.44,3433.11,391.37714,0.2630528838427666,0.633599866102284
717754.56,4455.84,392.79828,0.2636816016849206,0.6349735026576867
714333.25,3699.957,392.27386,0.2514560645394597,0.6324533592062789
707398.8,3535.6145,389.41107,0.23917832056826116,0.6278615065647695
709632.06,3561.8323,390.31415,0.2424759211893135,0.6302736352986469
710108.1,3387.397,390.16006,0.23800746708338583,0.6277179085805371
707045.94,4076.2754,389.53186,0.23775108890699181,0.6298530978934689
709771.9,4057.281,390.33002,0.26648274488404367,0.634306539447481
711300.3,6352.396,391.78564,0.7675480774865893,0.6869555053169527
717658.0,4541.707,392.70563,0.26730810012160244,0.63703858848284
713748.25,3192.9348,391.512,0.25962312699391354,0.6349873627176932
706699.3,3346.4885,389.3945,0.2514396114456061,0.6333643506477508
706066.2,2968.8047,389.02597,0.24182905041127745,0.6296884877672846
707705.06,9043.732,389.95804,0.6092346816018548,0.6523936076222178
708307.4,5379.5703,389.97244,0.2733752076750622,0.6329241986188398
706711.8,3343.2644,389.29785,0.2606098549542457,0.6330745250686217
707622.6,3184.2666,389.67566,0.21886448514348578,0.6245286887727025
708865.2,4134.3926,389.63028,0.24719599814612359,0.6302481880203432
707464.9,3012.307,389.49725,0.23822141789531104,0.630770964636143
710430.8,7478.474,390.6381,0.6493493649595057,0.6582021093253496
710748.56,9171.495,391.12357,0.8880921220460922,0.6716163447325929
707807.94,3112.7124,389.80048,0.2500671251041249,0.6322175597817593
707387.8,3053.564,389.02692,0.2530621600872949,0.6307351674636986
708506.9,3113.6938,389.82306,0.23737626913937326,0.6297771138847096
709878.94,3888.7922,390.2459,0.2427802378176751,0.6281984221315665
710130.94,5097.1157,390.19223,0.23662357162528336,0.6249209761059229
709288.1,3308.9663,389.788,0.2276175478831335,0.6261363782838113
708833.0,4669.1113,390.03268,0.24939614972705604,0.6307846368920271
708596.94,3505.4692,390.2079,0.24585624756749702,0.6326103330458189
707453.3,3203.2366,389.38947,0.2352647114693025,0.629096371056577
708490.0,3339.0095,389.70844,0.25072819373231914,0.6306087620269488
706762.7,3105.031,389.11075,0.24144221103061358,0.6302830696267697
707471.25,3047.215,389.1873,0.22942747208184144,0.6253478243497744
708455.94,4145.1875,389.72473,0.2523118994767004,0.629431354388458
707574.1,3362.9458,389.95804,0.23573552233701456,0.6279697734183763
707890.5,3448.4485,389.73627,0.23324729352790374,0.6299373843060769
707042.06,3083.8694,389.16852,0.2294040638796444,0.6270058207053414
707035.7,3356.7844,389.52478,0.24801287145506734,0.6303900276578561
706850.2,3097.7246,389.55515,0.2503906796514239,0.6338918765429576
706998.8,3321.3362,389.24927,0.2416129853769693,0.6287604733504997
707725.8,2982.5205,389.8886,0.24437051812409827,0.6307730827022551
707223.5,3174.7864,389.45468,0.25011248560923693,0.6298574506157454
706812.56,3531.0737,389.61835,0.23507569270866746,0.6303487910214721
706252.06,3263.8777,388.89706,0.22986320235565305,0.6267910677925905
708258.75,3221.524,389.57144,0.22502967091259007,0.626047684152494
708329.56,3944.205,389.52988,0.2272639256144351,0.6270775048704978
709897.0,3081.692,390.0522,0.2390077344652597,0.6300479225635128
708705.2,4029.4849,390.24893,0.25031567558813794,0.6313246263524179
707493.94,5981.6104,389.42276,0.2961259391335691,0.6314755830894482
707216.3,3066.1716,389.31516,0.23912565638656114,0.6288647737468579
708137.25,3459.9563,389.79648,0.25254243571355106,0.6316036957322985
708762.3,3268.1199,389.81427,0.2541154397866463,0.632091549680584
708969.7,3097.7632,389.67834,0.24401513369285288,0.6271610230009227
711497.44,3246.6697,390.64383,0.23597371368917086,0.6289361786305355
711257.2,3278.4443,390.81506,0.25455093081297253,0.6331126529301048
708341.7,3086.1597,389.5649,0.2569789769057462,0.6322731778622733
709133.6,3153.0066,390.1849,0.24655859185024553,0.6308807624600675
708026.5,3249.443,390.02762,0.2538923419751953,0.6328966417207141
709541.56,3073.8005,390.00995,0.24429685257132716,0.6306953345235631
707148.75,3066.019,389.22314,0.2245806126969092,0.6261983579056701
709511.3,3331.9048,390.3071,0.24856865292038677,0.6333993648758417
710379.3,3292.3738,390.85608,0.24787871350681634,0.6326987146357796
712772.2,3312.93,391.04355,0.26257528401290076,0.6340418863915883
719162.56,3563.495,393.49136,0.26429604645890814,0.6370521048233174
718650.56,3280.236,393.3901,0.2581070915613024,0.6372768045454538
716723.7,3728.9363,392.78717,0.2846323026237698,0.6423559877973285
718303.7,3371.4238,393.21826,0.2629310521775987,0.6364698604280553
717749.4,3124.041,393.0834,0.27773741142746067,0.6403065913923712
717954.4,3386.5034,392.53973,0.26371226822337945,0.6353207269960832
718738.25,3141.5037,393.3744,0.26553339356853245,0.6383475681392996
717963.56,3182.3784,392.68173,0.2580944795444422,0.6327989270808133
717903.75,3508.283,392.79956,0.25174110973821895,0.633840899452891
717368.75,3236.6562,392.68884,0.263718802115982,0.6354570465792377
717953.56,3223.2483,392.68768,0.26099523382164236,0.634889406747033
716064.44,3281.6956,392.4757,0.27472396903738394,0.6364227869959554
717918.3,3254.026,393.17017,0.2722073941479266,0.6408988153075036
716936.7,3444.4775,392.56143,0.2679826946144952,0.63605781639485
715593.56,3528.8508,392.54926,0.2745354574939731,0.6387219925333335
716067.9,3305.04,391.9471,0.27553445357756656,0.6355158394619106
715798.44,3170.8838,392.7478,0.27304435343087663,0.639060770962078
716089.5,3371.1426,391.82736,0.25579604044257476,0.6336814910354003
718535.2,3144.6494,392.74506,0.24869547966349703,0.631772038768345
717927.8,3443.6104,392.74237,0.2686962352912552,0.6360722507526093
717106.8,3311.5208,392.51736,0.2675685268171577,0.6354943437312887
716522.1,3353.8813,392.58527,0.2627708423291071,0.63677474858222
714700.75,3443.0454,391.94418,0.24771757010450202,0.6334132241900928
714292.0,3829.4988,391.82803,0.26083060000213276,0.6332202672614183
716695.7,3159.6914,392.36786,0.25297208795438664,0.6324760591146334
718355.8,3322.9622,392.8271,0.26034026809940647,0.6352632047629396
718093.94,3420.4958,392.9054,0.26987596403918257,0.6380108763819833
716546.6,3492.1206,392.53497,0.2604106682349405,0.6357768335422478
714475.5,3197.0864,391.72266,0.2588646869054103,0.6350482802902854
717749.25,3318.2915,392.9248,0.2581099959899684,0.6345035311509961
713221.2,3389.594,391.31076,0.28007437321366924,0.6391048057663455
712229.56,3832.6475,390.65573,0.24332005449220162,0.6277228300176738
717233.0,3243.5696,392.93018,0.2653745802679719,0.637541377278993
716053.1,3097.9802,392.26767,0.2602377593479237,0.6350716657416927
713271.4,3220.04,391.29578,0.25849065046967734,0.6348439063947113
718106.7,3361.8745,392.68243,0.2530388252704143,0.6319390627121925
717821.1,3225.8894,392.78528,0.2621831790620339,0.6341029113477875
711333.4,3319.6423,390.62186,0.2590386059922358,0.6326611208166526
706333.8,3047.3564,389.26392,0.23474770102404596,0.6276085037166175
711743.7,3855.7756,390.73502,0.2594391789644752,0.6328276672688748
714798.3,3977.483,391.5165,0.27117607813075084,0.6346287638100985
709547.06,3161.8315,390.22357,0.2403776323760649,0.6304061628000845
708898.6,3355.552,390.08997,0.2324707757481841,0.6277142109193407
711495.25,3114.4805,390.67502,0.25340817041294494,0.632281421240907
714357.44,3278.2056,391.8988,0.2414559413550479,0.6305674244357949
714294.44,3302.6143,391.44327,0.25290660150099287,0.6318684787602705
716787.9,3238.8054,392.80728,0.2752635986053713,0.6396547694882783
715482.6,3018.802,392.30026,0.2586228856424513,0.6369626138571058
717238.9,3291.4182,392.57428,0.2678129705579475,0.635257032596309
715781.1,3167.6572,392.00668,0.2696972537767417,0.6374546213866298
715044.0,3242.625,391.3087,0.23085641881332952,0.6267179360483768
713773.6,4108.499,391.557,0.2596083579941588,0.6330521087265973
713863.3,3110.918,391.45972,0.2394375170267944,0.6298182096144576
714976.3,3569.0405,392.24454,0.26148211069354854,0.6352680984734057
714825.44,3300.1704,391.83932,0.24683912235650896,0.6320133403908027
717229.9,3833.028,392.4366,0.2613935230381599,0.6360917546322855
714516.44,3642.2422,391.64743,0.2658534772836201,0.6365335881156352
716410.25,3617.3838,392.38953,0.2665636799644542,0.6351668625786345
716127.7,3341.839,392.17297,0.2683539895125069,0.6359848197398699
714202.7,3448.322,391.7467,0.2646008794102843,0.63393350817703
717101.25,3281.9604,392.38422,0.2584064723119832,0.6333733884356134
718830.8,3546.4277,392.93466,0.25639666296397623,0.6329240825683847
716416.44,3365.988,392.21136,0.2509306435202556,0.6326914539129049
714373.6,3508.988,391.9903,0.26876890073191984,0.6380402915317358
713967.75,3265.353,391.2258,0.252736040798033,0.6326840702111204
714355.6,3296.3987,391.04428,0.24758039401019882,0.6310097366159451
715679.6,3190.808,392.07858,0.24215037762212477,0.6313514234755919
716784.25,3790.5884,392.36502,0.28074570131409793,0.6377924967253982
715198.75,3111.5696,391.52054,0.24840065926117427,0.6318748408044387
717128.8,3302.0735,392.45724,0.25591016317534754,0.6345128362554598
714794.06,3336.777,391.9198,0.265344528740699,0.6352536737217859
714707.44,3770.2686,391.9047,0.25993034148811134,0.6341937579608694
713346.1,3298.8164,391.41443,0.2503051550193396,0.6329740986255473
715188.1,3206.969,392.1275,0.25263729767502463,0.6345326437510418
710827.0,3183.902,390.45038,0.23734483592328948,0.6289076452326038
709273.6,5788.684,390.77472,0.4598542208719034,0.6500563034589536
709295.75,3164.926,389.5125,0.23104893364766665,0.6238974653091015
708327.44,3236.6929,389.66934,0.2456871093286832,0.6305858974263565
709781.4,3162.9702,390.35696,0.2558587143299058,0.632733174860805
716804.4,3237.9062,392.39105,0.26729115936643355,0.6361259049548549
716275.94,4074.455,392.5893,0.2616767912821092,0.6354699446636747
717840.1,3505.3223,392.95367,0.26529406111477405,0.6368087751582958
712907.0,3982.6606,391.10275,0.25884720737498634,0.6342654562291133
717699.0,3237.88,392.84918,0.2648636764597079,0.6353615379782851
716129.94,4027.3674,392.39456,0.27147161131306285,0.6367735971427493
714215.0,3534.34,391.10663,0.2524808073790794,0.6301055885159504
708819.2,4252.7266,389.9788,0.248814137598369,0.6308149548656353
707924.9,3099.3186,389.33994,0.24027895451937242,0.6276042363568565
710263.9,3171.171,389.96173,0.2521233647433103,0.631783800974018
717486.8,3178.9756,392.6763,0.26467368362512733,0.6386821976572798
712677.6,3513.6143,390.93613,0.25738331646858104,0.6305934203850702
708503.25,3299.2673,389.85095,0.2313971033978488,0.6279674271479693
708319.25,3445.4497,389.29218,0.2171658991137404,0.619838757102352
707048.0,4563.7065,389.50327,0.2585412037319137,0.6315942233711094
714395.9,3900.1726,391.6561,0.256625549493501,0.6335613825511586
717917.4,3320.7207,392.78595,0.2679127360671987,0.6375817869589953
716537.06,3231.206,392.55948,0.24717448546350873,0.6339221785010615
709865.1,3070.4268,390.27673,0.24211842171314313,0.6301735037554765
707858.4,6759.508,389.48337,0.3251217060323097,0.6370169071208018
712822.2,3506.0078,391.14636,0.27407116849889546,0.6363867441885924
715373.1,3564.1619,392.23877,0.26756951007856555,0.6375703663697307
716749.6,3844.5747,392.66785,0.2541089636861411,0.6338077859249105
717148.3,3847.8762,392.39197,0.2589951256165124,0.6349650905398019
716529.9,3308.6191,392.35843,0.25322636188449943,0.6331476810522577
724881.06,8724.609,400.59055,7.750037828001668,1.1343501884586489
715974.3,3304.752,391.714,0.24534511279500926,0.6312278061067234
713841.8,4119.7188,391.665,0.2756145894885833,0.6374798332652609
715886.6,3461.0388,391.73108,0.2589123732475578,0.6322212720581816
717525.6,3145.9944,392.81656,0.25435475828887366,0.633453109882594
715945.1,3307.8628,392.0417,0.2533428395528112,0.6302838770891473
714260.3,3304.0813,391.53955,0.26668185740687944,0.6369390575988487
716667.9,3507.9866,392.63168,0.25649237630994115,0.6366451516861044
715992.4,3437.497,392.0568,0.24161708704258356,0.6312743122416472
714474.7,4336.208,391.94293,0.2496844037228967,0.6313640387762013
715370.1,3237.3237,392.08813,0.25219628399972516,0.6343145994613794
717895.06,4768.7686,393.13675,0.2701327135216358,0.6372957840251023
714337.3,3162.5188,391.9139,0.2560112634839218,0.6337467678197198
714181.4,3179.938,391.54,0.25007722733099014,0.6329415149603732
715769.25,3089.7412,392.4072,0.24297782397216716,0.6325966459432647
714938.75,3139.0625,392.30988,0.28992053633703563,0.642353724315428
716589.75,3218.698,392.60037,0.2597885175343464,0.6342560513874717
715300.56,3314.4321,391.91418,0.23786406515759762,0.6299378988134003
715288.25,3847.2703,392.01486,0.23990821582464505,0.6297334521954866
714719.0,3309.9888,391.6564,0.2574424590471307,0.631846159240786
716396.2,3565.3704,392.426,0.26647759402342697,0.6375249509524684
721952.1,9390.896,398.42108,6.142242876088995,1.012117941678745
737542.4,11903.083,411.46445,20.75824971460355,1.8391027308437335
712789.1,3419.4353,391.15045,0.2475273476732358,0.6308629510354584
714630.8,3238.0515,391.78564,0.2525724785605159,0.6329635314905869
716416.75,3210.506,392.74072,0.2644533600617214,0.6367594587242433
712401.06,3894.1006,391.66605,0.2750765124671397,0.6400012292493499
710297.4,3082.8,390.65997,0.23610203931705742,0.6301990823160848
715890.4,3319.451,392.07285,0.24731915140976835,0.6321266512533725
713037.3,3409.5352,390.91367,0.24884103597252327,0.6301205524714745
717111.3,3574.708,392.288,0.2486412957430253,0.6320961481393321
707807.7,3643.2173,389.52783,0.25487855220115607,0.630370857501482
707649.6,3045.2627,389.56802,0.24605815221196892,0.6313607135596195
707651.94,3279.2292,389.28757,0.22116594304434756,0.6239193923738121
706628.44,3809.4275,389.1506,0.2411258569526038,0.6288364179671533
706880.6,3132.9446,389.0032,0.22499606754503487,0.6252425562385981
707924.1,3006.3945,389.30853,0.23080407935407532,0.6258599506043722
707146.75,3235.4353,389.76932,0.24156657044526275,0.6309563494925107
707945.5,3244.1611,389.88614,0.2334263251586619,0.6287541024162998
709032.0,3352.3438,389.72556,0.24328295604308048,0.6284024008937713
707523.3,4204.669,390.00317,0.2545359425437894,0.6324066973827002
707679.7,4114.829,389.43222,0.24220151299737802,0.6280808081189243
708135.0,3306.3289,389.7061,0.23654803695900695,0.6294021071877658
708048.9,3524.8462,389.64807,0.2397662342843856,0.6301999887057009
707832.1,4129.4277,389.8339,0.27284200293591887,0.6348281014928298
707633.0,3431.074,389.46912,0.24546332357247058,0.6292316999594959
706650.06,3072.4065,389.27344,0.2308357706099322,0.6270045493642697
707051.6,3406.818,389.33673,0.24392789968271256,0.6323854510971321
707375.44,3059.2864,389.6032,0.24799825354755178,0.6316926584936123
708058.9,3266.4324,390.1152,0.2530265333557704,0.6353077524884408
708624.4,3184.706,390.14117,0.23376397083866518,0.6284607169546356
706243.3,3166.8647,388.90802,0.2468769600931262,0.6296672366009011
708060.3,3412.3079,390.07907,0.25142535166508795,0.6315583927100155
710801.8,3400.7285,390.71375,0.24419702020523193,0.6320402165483235
718219.6,3246.833,393.31754,0.27813170325883174,0.6401373516568323
715415.56,3222.9653,392.4485,0.2706084981107679,0.6382230255550707
715074.94,3154.6633,392.01172,0.2595416509717672,0.6344414937588786
712379.06,3070.6301,391.28986,0.24946387386919788,0.6320834291890672
710673.25,3286.8186,390.9382,0.257119049325663,0.6341149214914494
716367.75,3181.004,392.6297,0.2579965319678559,0.6343684478741506
712676.0,6572.6494,391.02386,0.3657783281214879,0.6399309833267756
714808.1,3308.4045,391.9621,0.2828650445021297,0.6418691999186689
717901.94,3248.4514,392.51364,0.254445010206207,0.6335799353454813
718454.5,3277.4724,393.44885,0.2748430120764125,0.6410450023377678
716637.7,3694.77,392.8781,0.2688103114633389,0.6387274191459467
714627.9,3597.974,391.4128,0.2603432609310352,0.6328060425104378
714290.8,3158.1938,391.81757,0.27067881208901934,0.6367339373781257
717131.56,3520.2002,392.68304,0.25117207616768145,0.635812243066506
717814.44,4211.5864,392.8724,0.26309889958877974,0.6362455318381344
718355.25,3182.88,392.9553,0.2535134016072318,0.6349156417986289
717066.5,3247.6104,392.7673,0.25004032761662565,0.6350334688669734
715795.06,3064.69,392.05148,0.255097228198077,0.6352663940306617
708709.0,3685.217,389.91705,0.24563332251583647,0.6300459134204646
707318.94,3296.1768,389.57855,0.23828689676952752,0.6290630075702335
715868.8,3282.353,392.06653,0.26421464023462526,0.6338758245860403
712438.56,3213.045,391.24158,0.27043596959476934,0.6367665506766087
708692.06,3521.2979,389.6547,0.24746901686601452,0.6283179395561334
708200.2,3585.672,389.671,0.2253233173143463,0.6252236639198115
708714.8,3219.2583,390.13773,0.24146020442526162,0.6294198424194377
707490.3,3914.298,389.4666,0.24571277804590164,0.6294241930198149
708500.4,3381.3247,389.49652,0.24012901596330183,0.6286638756810755
707709.8,3089.9143,389.66003,0.2403929764812287,0.628364820188376
707653.94,3143.3843,389.57864,0.23716076604077108,0.6287764550251329
708314.5,3762.9639,389.60052,0.2516936259312468,0.6314745741720645
706864.7,3688.171,388.99762,0.2414990450140282,0.6272738007884147
708616.1,3647.1448,389.68896,0.2201770515995083,0.6238312002910898
707037.1,3215.4329,389.42697,0.23950354500494475,0.6285250537760657
709995.9,3208.0679,390.3832,0.2439332685869804,0.6286355961496433
709582.8,3053.543,390.1383,0.238154168014177,0.6293547907941851
708268.2,3235.7642,389.51993,0.24139504495947461,0.6274293064457157
707973.44,3572.9155,389.56735,0.2365095655956071,0.626900941232843
706762.4,3435.8896,389.37198,0.24691015014282724,0.6307983091947573
708350.25,3329.5676,389.84094,0.2467778234127076,0.6308924442815491
707563.7,4655.5684,389.81152,0.24233124091709213,0.6286785077263697
709301.94,4320.6343,389.97693,0.2669805574340778,0.6334351571201537
709116.25,4279.328,390.0529,0.26938022990321864,0.6353951024528346
706760.94,3442.363,389.22433,0.24086118431070913,0.6267129440474627
707451.44,3102.668,389.19614,0.24483441277327245,0.6279323624705088
709604.2,3224.8044,390.134,0.22913167926019762,0.6246512216315886
707693.9,3294.6965,389.5163,0.2257463166125402,0.6266631032434924
707732.94,3560.9436,389.99966,0.2431707284054876,0.631689482030189
706684.3,3158.213,389.107,0.23230295362811493,0.6280344937116329
706924.25,3185.5652,389.58206,0.24709217291339458,0.6295081199435951
706645.1,3403.4727,389.0055,0.23129756820143843,0.6263956449090865
707990.3,3247.9844,389.59134,0.2500661892822551,0.6313163009133842
707388.75,3167.7305,389.77075,0.2392328023278676,0.6316789302834431
707523.06,4077.733,389.21027,0.23570771608308627,0.6255120822820774
706675.6,3137.2544,389.2447,0.2437706297991853,0.6274090512022393
705526.75,3340.6804,388.52573,0.24560466998443964,0.6279192080264202
706458.25,4309.142,389.30875,0.25094399558926295,0.6312084769052702
706619.94,3087.0894,389.16827,0.23320775949213868,0.6272079342094184
706293.8,3166.5793,389.12555,0.23040644242404085,0.6262642208614663
707277.3,3120.2021,389.2447,0.2201649873857896,0.6234407950966226
710693.06,3459.806,390.5875,0.2569702811435488,0.6346969588520899
706317.6,3500.0417,389.00815,0.24770548203996468,0.6297752669505353
707229.4,3440.5227,389.54727,0.24361200270127492,0.6277612220137884
706853.1,3413.6516,389.3607,0.26365451562663234,0.6357747635714096
707886.8,3574.213,389.20523,0.22230828252538526,0.6233438253372466
707043.25,3374.1958,389.3528,0.2473768530242837,0.6296262712072428
709123.25,3323.5764,390.14258,0.24528443819315537,0.6304123508374746
705290.06,3149.9236,389.16837,0.23291156815788883,0.6275171180024072
707805.3,3085.8875,389.91754,0.250285565458114,0.6339774016992323
707851.56,3308.0872,389.78748,0.24787133942813044,0.6303579915783402
707573.06,3233.5664,389.5786,0.25319004494165576,0.6327804429500498
707004.1,3553.5251,389.1054,0.2384545749349285,0.6270131771058718
706987.8,3194.6987,389.71716,0.2452356476760542,0.630017322578823
707752.9,4060.1497,389.69635,0.23829327328823524,0.6265469443557692
706787.8,3336.997,389.03763,0.25900469838257667,0.6328088512518958
705581.44,3352.1648,388.8344,0.22344417395098493,0.6251653121072793
708886.5,3190.6265,389.59918,0.23399228196296962,0.6279836275115291
709525.06,3427.5078,389.93994,0.23699008969220836,0.6271515852246571
708531.56,3161.4722,389.98178,0.2391230219892253,0.627594235420321
708021.5,3094.205,389.48242,0.24090192963214063,0.6275928834085814
709328.4,3233.6252,390.6337,0.2651604770013902,0.6358124599777211
707093.2,3099.4712,389.8706,0.24358597945262384,0.6313363627570787
709080.0,3263.1067,389.7307,0.24382878142517894,0.6318772699960196
707292.06,3126.8484,389.82596,0.2497562051428326,0.6338272017451523
706703.44,3288.3674,389.04654,0.23571585935837946,0.6281209013240694
706374.6,3329.817,388.94257,0.24552979750563875,0.6310325830935112
708185.6,3335.5708,389.62103,0.2523753227509631,0.6300130245455301
706403.94,3435.1538,389.7476,0.24151731812452937,0.631598535630427
707824.0,3688.6833,389.5393,0.2544738347351143,0.632379388518764
707810.4,2996.769,389.74298,0.23739429220752628,0.6305538579612125
709426.7,3372.703,390.35068,0.24126101169455794,0.6304776906321451
707485.2,3263.0442,389.3392,0.21482071538470615,0.6235727858691021
708177.25,3467.8484,389.46695,0.2226071712375477,0.6241713855749783
707888.44,3081.665,389.27792,0.22559831065366076,0.6258199495869207
708834.1,3698.1252,389.38736,0.23506034541845766,0.6259204647555702
708004.7,3170.344,389.93005,0.2394644417209304,0.6314185793926046
707569.6,3361.586,390.01578,0.24265166132177596,0.6321946106220928
707202.2,3107.9905,389.59076,0.23484724905188292,0.6293192408929961
706384.0,3209.597,389.62012,0.24861164606307806,0.6326682355631766
708779.25,4306.7505,389.9832,0.24587287107432543,0.630679353426194
709335.56,3138.928,390.08728,0.24161559260791732,0.6289605084852444
707918.1,3224.256,389.55927,0.23548835449694172,0.6269567398876039
707055.7,3585.537,389.19138,0.24397872050269376,0.6288687326615598
705957.5,3049.24,388.88748,0.23084566345784108,0.6271272425564552
707177.2,3413.6528,389.31897,0.23769218284896265,0.6286445944772733
707784.9,3176.7676,389.58316,0.2418590026225904,0.6298430759379816
714277.25,3452.4163,392.11182,0.2533381486123165,0.6332644184585429
714081.6,3156.9365,391.68115,0.25829673774671225,0.6348575041827731
709904.06,3343.5146,389.908,0.22624655349083422,0.6240694456324185
717201.1,3229.869,392.3972,0.27287110559350314,0.6379503818956334
720010.75,3367.25,393.49997,0.2833635177076923,0.6425665931491293
716514.7,3115.9375,392.66373,0.2793577218455807,0.6416496357869363
718767.4,3223.8625,393.04324,0.2758739020697316,0.639371580239381
716606.1,3355.015,392.54153,0.27148470929855195,0.6364926613106291
717202.44,3473.619,392.51566,0.24101243579716236,0.6328254216469755
717163.5,3282.0098,392.66837,0.2547468274063993,0.6340116374473139
715415.5,3394.4436,392.27762,0.2762591837782584,0.637958213484633
717239.94,3356.1624,392.7708,0.25643226589493695,0.6352206425592855
714687.5,3079.1487,391.67038,0.2538036650093285,0.635085767541884
707265.9,3202.5872,389.5167,0.2465889147891116,0.6304953310148634
713693.8,3126.1528,391.15683,0.2447356983111355,0.6294313185174715
714597.3,3227.02,391.90442,0.2592829054369532,0.6338273216050759
709939.0,3214.8357,390.6748,0.2608626941071348,0.6354836998358162
709879.94,3196.666,390.54233,0.2662986610763731,0.637529120298285
717413.44,5009.0903,392.6727,0.26310132813759113,0.6338127528465781
715381.25,3169.1238,392.42487,0.25541249692093526,0.635694811754664
714785.3,3655.431,391.9712,0.26238707798421856,0.6351558711568983
712385.8,3347.8975,391.21265,0.23654739922586154,0.6309932744172762
713130.7,3121.9746,391.24564,0.2488256258494439,0.6324877970619681
713706.06,4058.9878,391.7205,0.26501039657999925,0.6367170814790224
714425.0,3126.0793,391.72028,0.2588041161843284,0.6345302019133165
715634.6,3271.3882,392.4761,0.2522747530980376,0.6351201008922309
714340.7,3052.869,391.68274,0.2482773365440858,0.6317259722431728
713886.25,3404.1636,391.82626,0.25425079462714084,0.6346970478321579
711125.3,4953.204,390.5885,0.2682923495501277,0.633805259689443
714129.25,3415.4192,391.67422,0.25303351957141773,0.6315483653081095
714790.6,3417.0234,391.9131,0.2492439286367487,0.6332646195360385
714488.2,3205.3257,391.75867,0.25930692998464533,0.6360787624889273
715367.4,3492.229,392.0169,0.24907242076169345,0.6320480073511995
712770.06,3205.386,390.6168,0.24056695406356443,0.6273484342313306
715485.3,3166.23,392.172,0.27430037267844565,0.6375073184015683
709763.5,3231.8047,390.69406,0.24303320855218313,0.6328179826180927
713462.8,3643.4983,391.41473,0.2608968222794559,0.6344477936975276
716850.94,3833.9204,392.7315,0.25593098580245766,0.635515488851693
715936.8,5645.5435,392.1741,0.336131311394416,0.6400583061672909
715842.06,3192.7683,392.66153,0.2742249236046512,0.641028568124808
714670.2,3264.3755,391.42688,0.2646340570582617,0.6360128349968431
713605.4,3384.99,391.6002,0.2688285690701626,0.636012390863814
715048.7,3236.4424,392.21402,0.24867020650488536,0.6338018951739551
708788.8,3002.6897,390.0926,0.24765100711130783,0.6304909367483746
715356.56,3337.0662,391.58597,0.25777805917309893,0.6345563977816631
715309.2,4044.9827,392.02252,0.2668173572818735,0.6352251483769573
713501.8,3229.519,391.42587,0.254868538042619,0.6335077954206205
714922.2,3562.979,391.6442,0.27234403905611737,0.6373726843958099
716114.25,3766.7612,392.0686,0.26150211270738133,0.6358079011964259
711495.1,4385.392,390.7711,0.24185123393659236,0.6287975206998286
707465.2,3550.4084,389.59937,0.244255626049259,0.6295666486123609
716189.94,3197.456,392.26807,0.2660682153240326,0.6371743717556673
715324.75,3954.1843,391.61902,0.2602436126573848,0.6346784991267141
713202.06,3249.13,391.14832,0.24984338181751164,0.6317572190848728
711768.06,3205.2021,390.71988,0.26362418648437513,0.6354831284729352
714488.7,3208.1252,391.6032,0.26219208943821437,0.6348761503045812
709447.6,3237.889,390.122,0.25093064955505584,0.6326418821614115
708629.44,3190.2078,390.1502,0.256688873000789,0.632451493370412
716837.75,3366.4229,392.47162,0.26981611235828984,0.6365202820992182
711491.2,4470.057,391.19318,0.2581692272572056,0.6354047385996818
708206.9,4410.4336,389.4861,0.26140938631819877,0.6339671414258778
717335.44,3439.577,392.6167,0.2658111890262229,0.634472013598998
716533.9,3683.1047,392.34836,0.274836115384399,0.638720771764961
716705.1,3084.2778,392.7389,0.2680449624905754,0.639197642808502
713434.06,3478.44,391.34216,0.24621036866962775,0.6319472034613512
717011.5,3737.9473,392.48257,0.2701797237438348,0.6381287711088564
715203.4,3122.45,391.78595,0.26215397275934427,0.6338639457984557
715387.4,3618.8276,392.0802,0.25552309906224435,0.6339616726863729
717871.44,3475.575,392.5266,0.25572864765806536,0.6340793396559773
717198.44,4049.8743,392.7223,0.26587275402982913,0.6368181228911521
706429.25,3296.3997,389.59525,0.24694418585322842,0.6331463267786329
706504.9,3194.8787,389.30975,0.23601190508603853,0.6274239292889551
707946.1,3175.592,389.42938,0.24859194470690626,0.6325114626974664
706598.1,3084.7341,389.1896,0.231742102865919,0.6288452302402274
708463.56,3263.1716,389.96326,0.23736252635458666,0.6284176442330726
707135.4,4230.44,389.8388,0.2503273972632232,0.6341344642351715
706254.06,3130.1948,388.82156,0.23249131416896107,0.6260628609112736
706801.8,4215.8657,389.2893,0.24162895955571484,0.6282829385957632
706960.06,3082.2102,389.20844,0.24546829836347062,0.6307362440539402
706220.4,3377.411,389.0269,0.23250474997869874,0.6262946068908412
706190.4,2967.2756,389.10602,0.23029291682175312,0.6266838122431361
707188.8,3137.4146,389.63614,0.23375180645293625,0.6290068192805356
707007.44,3328.3083,389.13992,0.23494808274643697,0.627616637330814
707610.44,3139.0542,389.24277,0.2283042690923054,0.6248920701305088
705018.7,3329.6543,388.829,0.2440143341835781,0.6314341313931061
707743.2,3851.3147,389.9132,0.2443377504705544,0.6310969315581862
706702.1,3249.4827,389.0698,0.23114288531404226,0.6253850376281874
705961.7,3105.716,389.15097,0.23810007964101843,0.627234664137321
705433.1,3068.3208,388.91684,0.23477566063044053,0.62790282706792
705250.75,2984.4346,388.7701,0.24676297250125367,0.6311137502320894
706684.6,3493.8003,389.0409,0.23472670057374012,0.6283942151410714
705751.7,3368.1438,388.8897,0.23632738046880108,0.6277518448023954
705010.6,3560.9556,388.88214,0.2383400279117791,0.627825319302885
707568.7,6928.074,389.45428,0.5307136350750392,0.6514353695890974
705683.8,3212.4636,388.66714,0.2613301274765285,0.6346376839387021
706883.44,3470.9683,389.6289,0.25480088140548274,0.6339708210684296
706013.3,3287.4155,389.28784,0.24983911736988595,0.6306871988440831
705939.94,3092.7922,389.12418,0.23052819322949114,0.6263490490783148
706088.94,3041.5662,389.157,0.2402503421019273,0.6295972647906853
705243.44,3281.3518,389.12473,0.22948121190508308,0.6281937046355032
707149.3,3169.5754,389.60715,0.25366774877818976,0.633613483498431
706686.25,3457.4294,389.1235,0.24321918632443218,0.6293878243047268
704503.6,3399.7031,388.80148,0.25047076048987504,0.6294762386555716
706602.3,4247.554,389.25668,0.24180446357398733,0.6291174613769149
704511.0,3384.0361,388.7085,0.23886131683455814,0.6293661425021048
705505.5,5411.2817,388.98486,0.2574640963180381,0.6302755755038913
707401.3,3276.7046,389.33044,0.2487152482160102,0.6315619845459325
705471.56,3153.884,389.54953,0.24284210831447828,0.6306325761078087
706987.94,3121.659,389.07953,0.2234794695689093,0.6237602461896234
705329.4,3667.1685,388.37195,0.249903753124173,0.6287550375728944
705875.5,3192.3892,389.19843,0.2337765454668852,0.6276719394037359
706404.1,3370.4202,389.1657,0.25887805711158407,0.6318964077057705
705411.56,3307.2163,389.04282,0.2322802384951288,0.6269071033548373
706429.2,3160.462,389.206,0.24609481221324847,0.629686608621828
704978.25,3112.5452,388.77985,0.24132706596035947,0.6287521494294045
704575.8,3452.6519,388.62308,0.24503804910517246,0.6293752365569003
704061.1,3154.9143,388.2003,0.24346936512615613,0.6283179166623413
705656.6,3157.4524,389.37848,0.24976488329230806,0.6314578888470229
705738.25,3069.333,389.35245,0.23932385565534275,0.6320548323371242
705976.3,3302.8752,389.2687,0.24164019456349273,0.6308044049763234
706218.5,3448.7778,389.3651,0.2400491444605346,0.6315332051914451
705329.25,3438.4707,388.90314,0.25312008179594647,0.6322232876741264
704456.4,3011.6582,388.42694,0.24000501485310854,0.6267121412799086
705142.44,3665.0986,388.68076,0.25003353818295526,0.6300744308774262
704947.4,3195.5977,388.57104,0.2532813136674479,0.6322613967093416
705630.75,3277.6665,388.91632,0.24525649392047333,0.6292551705563582
705200.0,3675.4087,388.63464,0.24936994945479674,0.6304027938465924
705214.5,4492.2495,389.20175,0.24101645838903174,0.6291837501071178
705810.94,3292.253,389.12332,0.23286582473780548,0.6273442297098922
705741.0,3419.409,389.22983,0.23796938704431225,0.6293074495916512
706253.8,3277.0977,388.86847,0.2341300571706082,0.6263972417868725
705218.44,3065.1736,388.7094,0.24200364319826217,0.6285731215240263
704144.3,3095.212,388.34167,0.23237183276300621,0.6240405812264811
706079.25,3656.8948,389.10577,0.23834033520188624,0.6300735619571715
706441.7,3182.6685,389.08804,0.2445130965106257,0.6295069421445059
706795.7,3332.245,388.86063,0.21998702983722707,0.6221292629746279
705479.94,3720.9138,389.04556,0.2518671110493136,0.6315293826611035
706842.0,3342.4617,389.41403,0.2313323629466102,0.6280255635938309
706108.94,2987.962,389.007,0.2525898895263481,0.6309088219521722
705506.56,3047.6892,389.1401,0.24187333817011814,0.6288768381255505
706016.06,3155.6814,389.50748,0.2375865731719946,0.6296619498857212
707020.44,4027.378,389.33884,0.24668627883868544,0.6301355899551332
705215.5,3363.1462,388.6796,0.2618246612423589,0.6338176298500225
705410.94,3304.4458,388.91113,0.25886557808433697,0.6331745810865334
704583.8,3468.1726,388.77557,0.2295306680487026,0.6261353634463991
704272.7,3153.7502,388.77136,0.24354203179615252,0.6269097047554115
704657.6,4022.652,388.72897,0.2459585006801901,0.6290640899616294
704510.8,3855.3262,389.1955,0.23895791096859176,0.6296259510980862
705314.3,3240.4119,388.94702,0.23075958738708557,0.62845709906916
703891.1,3759.9482,388.3238,0.2455555074946414,0.6303492813217321
706278.8,3767.7798,389.3487,0.2688754328507641,0.635920871934257
708238.9,4193.336,389.7335,0.23877101544369683,0.6290861667728174
714059.94,3515.659,391.48697,0.24979204627732088,0.6323246073603793
706082.7,3858.5227,389.5961,0.24543020299949614,0.6306075110418509
706205.5,3114.8728,389.33237,0.24563605141854739,0.6316390965324846
705362.9,3147.172,388.62686,0.2561653417319594,0.6314489911926799
706096.9,3261.8774,389.21475,0.2342912653954925,0.6293280619757748
704701.5,3349.3767,388.81122,0.22903828480965105,0.6262551754386214
706877.8,3072.8464,389.47855,0.24476923704882525,0.6313550830026069
704332.6,3178.3809,388.67032,0.248570014982338,0.630758538371896
706008.6,3007.304,388.903,0.2329195203955483,0.627926618532972
705830.3,3170.2532,389.04907,0.23903231133603908,0.6284403078284181
705826.44,3150.6116,388.68228,0.2430439492375034,0.6280650860193718
706062.7,3905.9836,389.58038,0.24433705742971945,0.6319380933844327
705665.94,4121.593,389.05322,0.23994190697729811,0.6286388849091836
705454.5,3427.3467,389.0966,0.2564056125076495,0.6327844782303862
706285.25,4585.162,389.25476,0.2572820255131534,0.6311167120885642
707393.0,3461.9336,389.6812,0.25994570102250236,0.636142775720909
705294.1,3081.7957,389.2771,0.2238308617248963,0.6261981235640662
706566.44,3135.851,389.12378,0.24415376955805668,0.6286246443539432
707399.0,3228.9294,389.29898,0.24379557852078948,0.6304329991081086
706541.3,3090.551,389.4909,0.22335554506342703,0.6247345712072991
706911.75,3684.8936,389.20966,0.2533012198880873,0.6343779048303926
709130.5,3241.5276,389.76575,0.24398467167160387,0.6302339637575315
709339.44,3219.7573,389.6506,0.22815491585742764,0.6266847770404049
718536.6,3178.019,393.16364,0.2745143299802755,0.6393623601523548
714357.1,3046.1575,391.5287,0.2384890365503347,0.6282086198568058
709526.4,3401.5745,389.85834,0.24046709069330108,0.6285132554873077
707768.1,3756.1538,389.49442,0.24828015665290515,0.6293269239243713
711183.0,3284.1177,390.54544,0.25395663730128026,0.6319128964217413
717725.7,3357.8115,392.73853,0.26990108999871376,0.6378653269137535
716435.9,3190.4453,392.20807,0.2610796863545235,0.6329777954860678
715318.25,2992.7861,391.80157,0.24778178259084926,0.6314504510989504
715422.56,3130.6948,391.8822,0.24600935172679606,0.630530913707673
714861.44,3210.9968,391.19763,0.2622931742989394,0.6335603359699229
714557.5,3287.2302,391.47803,0.24104871278005513,0.6307403548475004
713763.3,3427.2107,391.41013,0.2649669317833685,0.635667718110303
714617.06,3369.0889,392.26413,0.2578004425590672,0.6355013252286471
716660.9,3186.7935,392.09952,0.24230414813609924,0.6297530446557646
714607.4,3195.651,391.82294,0.24119655026652165,0.6283869769393776
716784.75,3257.8965,392.28476,0.2565079972933093,0.6340533132811244
715601.2,3532.8076,392.3153,0.26907408285224754,0.6376317265472035
715956.9,3247.7488,392.0101,0.25687011658991654,0.6351615381699202
714664.3,3106.7412,391.70544,0.25080836571916354,0.6346557302476634
714728.1,3264.1416,391.7863,0.2624075915498909,0.6356196276714714
714240.25,3340.107,391.2386,0.2494303859778917,0.6291650706832433
712969.2,5331.6934,391.54932,0.39345864136886055,0.6472350525699885
718134.4,5804.9634,393.92136,0.7414282166383477,0.6818522350764122
715232.2,3113.0547,391.79532,0.2674367207708519,0.6369886241650268
715626.4,3228.2034,392.1742,0.2520435358248547,0.6337121724058884
715274.44,3627.5718,391.7082,0.26721065054278936,0.635066063039107
714513.2,3108.556,391.78323,0.253034380742744,0.631831160635154
713147.8,3134.921,391.3413,0.2483432319976795,0.6327177493780369
715681.56,3369.8286,391.95996,0.2583604464867557,0.6345596180320594
715727.2,3213.1692,392.46988,0.2527406115242097,0.6337250169762597
714212.56,3072.0608,391.6493,0.25053864562039996,0.6318554939536946
715737.0,3608.2476,392.46173,0.26877359765683595,0.6381657897359494
716175.6,4004.8003,392.1559,0.2577541071814502,0.6319986551333842
716312.4,3368.8262,392.06778,0.2659749449223585,0.6377640379104043
714467.2,3322.072,391.44745,0.25577648386689367,0.6327206090700677
716724.8,3509.1072,392.33432,0.27032982899242963,0.63599201180082
717023.25,3303.5745,392.7958,0.26440915840264045,0.6384348126330479
713974.9,4191.6016,391.7468,0.2654058836949198,0.6364943473664871
714670.75,3777.2378,391.77054,0.24889560318686765,0.6311730535912404
715824.6,3086.9597,392.13113,0.2544679907960581,0.6352741893933246
715086.7,4085.6716,391.6843,0.2561582016708539,0.6324987294615714
717082.5,7355.1836,392.6753,0.47830770969814473,0.6538705423332782
716225.25,3735.2036,392.5855,0.269107067533799,0.6378395505613201
714816.3,4330.9272,391.67477,0.255664949554236,0.6327258290897042
716588.6,3106.3708,392.3979,0.25489943149773353,0.633327944432431
714614.1,3209.4023,392.18427,0.25456461874411485,0.6360361688989487
715280.06,3977.326,392.07993,0.26045375748492283,0.635089962282614
714242.8,3421.8037,391.4723,0.2658432724860207,0.6357811287933877
715514.5,3620.271,391.8412,0.24821181483638233,0.6308701547303381
716778.6,3274.8232,392.38678,0.25879147655223056,0.6349998879823348
715243.9,3520.115,391.8087,0.2575246017120345,0.6328887618149217
715412.44,3537.2449,391.91733,0.24864933282189883,0.6328092435949354
717333.8,3160.032,392.52692,0.24272946832555853,0.6320439480087096
714961.25,3348.9468,392.20538,0.258405700520266,0.6359752172371088
715794.7,3237.1526,392.2069,0.2513306164325857,0.6320509081305222
715253.7,3422.1118,392.07767,0.27253134784759325,0.6393630414702902
716028.44,3227.17,391.77945,0.2534522996619293,0.6321216141045737
707554.2,3353.4438,389.6551,0.258778798979868,0.6332275809059199
710702.75,3527.978,390.31622,0.247377109663792,0.6293832115508746
714796.94,3193.1377,392.3991,0.2633472717024974,0.6406469996054398
708811.44,3713.9802,389.55676,0.23919178987971002,0.6279994781363736
708990.25,3469.7114,389.86633,0.24819480040325947,0.6297501603989191
715119.0,3110.2573,391.53036,0.24584413467303312,0.6289099149565828
719072.7,4117.579,393.41733,0.2689006736651032,0.636927925978563
717515.8,3052.5513,392.51886,0.26164655925713287,0.636595305387563
712809.2,3321.4944,390.99188,0.2643086188816546,0.6337708693003387
712631.75,3145.3015,391.09418,0.2529697089306011,0.6319515381013211
718104.9,3180.644,392.71558,0.26868883979065394,0.6364701981861742
710888.44,3176.2156,390.8239,0.26561105578874633,0.6362152652244846
712987.0,3169.0127,391.4782,0.2508293632490397,0.6326856143033636
706908.3,3827.6628,389.459,0.24495750306118813,0.6305027959391923
709371.9,3041.1,390.1232,0.24641718600355533,0.6318788186513484
715753.6,3525.319,392.10257,0.2554488837153559,0.6326116427916197
712714.8,4015.0728,391.27716,0.26334655405302065,0.6342228780805509
709274.5,3738.6213,389.97113,0.24843331536150615,0.6297465312634041
708305.4,3213.3555,390.0058,0.23216623235693978,0.630086241621831
705083.8,3340.0671,388.98874,0.24059739063696783,0.6293517197692733
708651.25,3108.8132,389.38184,0.24130104956741993,0.627850777438605
714142.8,3283.1213,391.7,0.258523991988024,0.6342745002943962
718575.25,3246.6604,392.99515,0.26019594748940866,0.6351962385944426
718449.1,2990.1245,392.72134,0.2511442875327936,0.6334460509241848
716840.1,3020.0215,392.54926,0.25866357051841815,0.6332762824417767
718876.25,3161.3293,393.13757,0.26149659130623126,0.6366572519587627
715417.56,3221.8784,391.99332,0.26024478768123593,0.6330753394133415
713297.56,3133.274,390.89258,0.26356044528505373,0.6336466558506028
713916.1,3347.4983,391.75226,0.2619521854271709,0.6358920856290143
715393.3,3328.7407,391.93442,0.2627687650349264,0.6338146306964096
714195.75,3734.321,391.79,0.2698078280090148,0.6375489502079793
717206.8,3942.4993,392.52692,0.25439952496149765,0.6336491857253669
711304.06,3295.89,390.99274,0.2750230714581634,0.6381355428809513
716217.7,3421.9539,391.89194,0.2570644123340817,0.6340378441001225
718820.44,3910.4636,392.94064,0.2739707796544777,0.6382880879484921
718345.75,3321.9478,392.58572,0.26853732479662096,0.6346068773887634
719608.06,3175.7502,393.34317,0.26162905232310685,0.6355342726872472
714096.9,3129.4858,391.62064,0.25376265737123704,0.6318046505360924
716943.4,3201.471,392.40408,0.2575675418533785,0.6348552227156572
711080.75,3285.7517,391.12408,0.26806967446971797,0.638139454903222
708426.0,3364.9993,389.8338,0.2555058185421606,0.6334446379668902
716506.94,3667.131,392.21368,0.26177147133871115,0.6353272692900627
711642.0,4030.1367,391.00204,0.2588192393552986,0.6355986100715462
714278.75,3036.2163,391.5848,0.246500662170539,0.6319776319623109
710951.94,3092.1846,390.62933,0.25216301128188423,0.6345560394938096
706447.25,3112.3909,389.23654,0.238106423431943,0.6285659114187058
707932.9,3451.5813,389.46082,0.23738533506834392,0.6274546858026474
709261.6,3517.7783,389.9405,0.24803441853960528,0.6308596748967653
715851.1,3120.4631,392.15378,0.254594200301582,0.6343633430101125
716686.2,3298.8337,392.30325,0.23596931199639926,0.6311076822178048
713773.3,3390.1245,391.5178,0.25444060270436175,0.632783857300273
706553.6,3222.0188,389.1828,0.24160595195177104,0.6290567514704511
715848.44,3304.647,392.38977,0.2762537988927649,0.6399463141931745
718098.4,3484.3296,392.971,0.25990244920892946,0.6364374734180543
715731.94,3373.731,392.39713,0.2631740790754251,0.6357446676624687
711389.1,3491.2473,390.9606,0.24572238662534085,0.6301282830031232
709030.06,4196.184,390.15314,0.2740915794373153,0.6358794005279887
717032.44,3265.8997,392.24207,0.2675828877873343,0.6351668883817282
717972.6,3219.905,392.91647,0.25601784448369846,0.6339199531915071
713476.8,3401.6775,390.85648,0.242348899578384,0.62849802258619
709769.3,5267.148,390.10217,0.34566317930731083,0.6341657699121134
709261.5,3475.9438,389.9782,0.23451274566495295,0.6282830138737932
708084.44,3306.6558,389.86166,0.2221824647493036,0.624937922016444
709191.8,3154.723,389.8672,0.23793229793117643,0.6278931806180247
708540.1,3210.68,390.07486,0.23690558320330446,0.6283704334000475
708962.3,3278.186,390.34073,0.24155295169835256,0.6282026145812943
708437.75,4182.0474,390.036,0.2538448840105061,0.6333163921077679
709735.8,2975.6213,390.06076,0.23996376505615036,0.630166025397801
707619.56,3222.0068,389.5725,0.21597815216904648,0.6228651494970341
708579.7,3138.7285,389.9497,0.24040811158135478,0.6294749211128446
709881.1,3684.3508,390.0624,0.24343979645476743,0.6292335064930091
709212.94,3848.64,389.9108,0.24125977404517096,0.6274922710129663
707225.56,3209.9558,389.4188,0.23893625467324453,0.6282273318292967
709250.7,3176.6829,389.7995,0.24089970856152387,0.6291592668930808
709747.0,3045.4446,390.16843,0.2280162911966106,0.6269612627897612
710024.44,3133.541,390.04364,0.23483990092350737,0.626775658321499
709905.56,3415.527,390.44357,0.24778163780421902,0.6314187450608888
707909.6,3425.9766,390.069,0.24470721879291935,0.6322719590748366
708232.06,3648.1326,389.90576,0.2414989605276725,0.6291252304296986
709018.75,3397.9565,390.19348,0.25342555769763253,0.6347342714599694
707279.94,3055.7808,389.3807,0.21359923768456923,0.6251430312788456
707910.44,3261.6084,389.86322,0.24433418076454805,0.6306515564612227
707213.06,3421.1685,389.64557,0.24556722438544654,0.630085609911047
708993.56,3084.187,390.30887,0.2469978235640089,0.6315173299127534
708781.25,3657.384,389.8337,0.2545607135515726,0.6304116320427601
709524.8,3160.945,389.3817,0.230886947989279,0.6258668910118824
708408.56,3398.7292,389.794,0.24241837538295696,0.6308967568186282
708002.6,3713.346,389.59467,0.23825007171545076,0.6285974163835352
706996.3,3072.5835,389.28937,0.22288001800102863,0.6242602950216382
708174.4,3140.3115,389.53296,0.2379147328866611,0.6285831747469968
708539.06,4334.27,389.65543,0.2544373497373744,0.6314657324708264
708609.6,3015.8125,389.4732,0.22920931023071134,0.6253907718647888
709291.0,3075.2593,390.14505,0.2513961179088753,0.6325140689369836
709148.06,4008.1526,389.94803,0.24905003871645137,0.63026253007257
707051.3,4342.885,389.22116,0.24921872136690792,0.6306968328348196
707469.4,3061.9622,389.37665,0.24160420750822809,0.6277842794819025
708733.75,3163.3914,389.54636,0.2399204447765495,0.6293738092951613
708127.56,3118.92,389.15466,0.23939130183709256,0.6272732434986543
707584.4,3111.7244,389.6256,0.25163722163218205,0.6308332723018715
708138.8,3193.771,389.49802,0.2425139009158217,0.6293538978905311
709126.06,3395.271,390.0786,0.24581714807511545,0.6307866116628362
709519.2,3532.3447,389.87573,0.24337764485103452,0.6277454281705821
708718.0,3267.4924,389.86603,0.2457726747472928,0.6311958127154794
707843.94,4559.071,389.56793,0.24964855106517003,0.6291983915543797
708776.75,3200.213,389.78738,0.22923543258017753,0.6274778608025036
709336.06,3172.738,389.93085,0.22101268062832968,0.624706247271496
708891.6,3099.0232,390.01508,0.2555125103402416,0.6335836920449326
708290.7,3522.2336,389.50595,0.24082540431928123,0.6280225001681972
706842.25,3317.6536,389.0181,0.21872337007871234,0.6239052814765971
707260.7,3195.4045,389.42633,0.2386693243238729,0.6296140168723724
706526.44,3201.531,389.35654,0.23368937817200308,0.6263865276822059
708023.8,3298.0,389.7713,0.23904652870564513,0.6281068774636258
709561.25,3489.6086,390.00812,0.2358579783177026,0.6259441500759595
707253.6,3402.7297,389.25763,0.2380832300969864,0.6282857724678121
707171.1,3176.3003,389.16122,0.25394981074809575,0.6330798604870684
706824.6,3197.181,389.56873,0.23832340723383938,0.6287123189067952
706834.7,3117.8071,389.2009,0.25389477911091207,0.6303053965978773
708498.6,3287.6533,389.63486,0.256825140052662,0.6327029219809248
705907.9,3945.0735,388.9958,0.24993722645876648,0.6307618626976242
707866.44,3006.6064,389.57593,0.2560581756494913,0.6340279618734523
708505.75,3159.8262,389.70334,0.2396348553868144,0.6282340384448297
706842.56,4068.2273,389.20798,0.2256393746520815,0.6251070536349062
706067.75,3225.7546,389.20184,0.24502421488752057,0.6318848242036239
705258.9,3623.0642,388.80637,0.2430871179332832,0.6286632218028048
706456.25,3389.7803,388.86905,0.23693720399722817,0.6282646931195532
706273.4,3075.0403,389.17102,0.22719088966437573,0.6272718368502753
707997.2,3499.957,389.541,0.24103606973236769,0.6290455764128311
705844.5,3208.457,389.02582,0.22285854527448956,0.6262498505266814
707588.0,3500.9902,389.7149,0.2395780462979431,0.6300506102680966
705978.7,3664.809,389.12115,0.24177569928760034,0.6299212285433482
707267.0,3475.531,389.42303,0.2437659958688565,0.6299459077182727
706758.9,3176.332,388.99213,0.24675914004303,0.6289424125031137
706533.6,3659.7117,389.37817,0.2437607971597484,0.6291433989146864
710662.5,3453.8362,390.7065,0.2513236065714386,0.6334043427823617
716744.1,3468.2175,392.64725,0.2531735130070607,0.6340627594228178
715028.6,3277.0146,391.67865,0.25560413560325435,0.6333944951600908
716958.75,3347.281,392.76025,0.26486495107691477,0.6344580894447699
709169.44,3073.797,389.9635,0.23712818566313265,0.6297416909439698
717249.44,3325.4949,392.62207,0.25763930681848146,0.6340186299176778
716405.8,3126.144,392.37042,0.25475259318920696,0.63272513023257
716478.6,3044.014,392.58972,0.260127272252066,0.6372002985482719
714838.9,3523.869,392.45474,0.27873292170793373,0.6406770903190006
715812.2,3180.0254,392.5935,0.2572329939840081,0.6366226803805479
715678.56,3117.5645,391.84238,0.2446374294220086,0.6298957817474958
713438.56,3105.7014,391.40485,0.24659783811813174,0.6313314544849231
713738.3,3257.0283,391.10223,0.26022480533019765,0.6326667058306639
715948.56,3292.7686,391.67493,0.24750777950155722,0.6302103137111839
713403.9,3082.511,391.58163,0.25206313630453847,0.6320722001862752
716262.7,3278.8345,391.77667,0.24866301318980444,0.6308672496489605
717769.75,3133.8616,393.05386,0.2714232815525257,0.6409434396030372
716209.3,3312.2253,392.2628,0.2577253705868561,0.6337585313218798
711957.2,3123.4297,390.95416,0.24122561366263984,0.6303402297218552
712359.2,3062.561,391.17087,0.24519673852003443,0.6321042756566165
712434.1,3540.6172,391.47385,0.24210139920314155,0.6317030087305389
714927.3,3467.72,391.71414,0.2438579194084296,0.6303836384950618
713188.5,3188.1997,391.34134,0.25628336318999034,0.6339491276406012
712566.3,3320.3267,391.26163,0.24938991061394944,0.6309036666464872
711966.3,3011.8057,390.48022,0.23906325311863252,0.6272216886555759
714496.44,3261.2422,391.51178,0.26015901596879454,0.6356004467716799
714646.7,3056.7812,391.63837,0.23196627667570624,0.6261594195852337
714064.7,3515.1887,391.24774,0.2539546709998386,0.632123981414915
713047.3,3157.0176,390.77084,0.2517951912377656,0.6305663587736156
714193.8,3089.1428,391.38245,0.2494075054268312,0.6321511418141345
712393.6,3363.8267,391.12253,0.2786941658299007,0.6390506673242132
716231.1,3082.4358,392.3615,0.2541474922714375,0.6341359338156712
714498.75,3013.1396,391.8391,0.25493386764716863,0.6334421796380312
713188.3,3520.4087,391.38452,0.26135564131130806,0.6381693379628008
713387.8,3264.1274,391.42096,0.24982840851472377,0.6313425322386027
713909.2,3465.388,391.8167,0.2588412846189452,0.6371832218007768
713527.9,4493.628,391.6656,0.2636818953625597,0.6346854360370033
713300.4,3315.521,391.52194,0.26051488685866175,0.6358146804226611
711962.8,3150.7087,391.19745,0.25483709145871414,0.634144264469225
715298.1,3343.1257,391.84088,0.2617935705244565,0.6358618450547395
715394.94,3160.626,392.12836,0.24240405925706643,0.6319045763708567
716670.06,3043.5034,392.0575,0.24962046397277682,0.6323909709574921
714341.94,3416.3052,391.57443,0.2539122203860895,0.6323036801399777
712633.5,3071.138,391.10452,0.2521808138067425,0.6323571144885444
713648.4,3271.9604,391.47968,0.26174041065403353,0.636049037169864
714470.1,3109.0737,391.64322,0.2519200199116116,0.6326390071166007
716227.7,3183.1042,392.0109,0.2567409439188659,0.6317425983145207
715160.06,3131.8738,392.0806,0.2614215954558583,0.6367904384326871
716508.8,3657.8936,392.34332,0.2639215622854172,0.6360550736537587
714685.3,3360.3625,392.05988,0.2417128811658884,0.6333929722586621
714142.06,3260.7854,391.80786,0.26138524611417635,0.6353032842724436
708214.9,3270.7358,389.83368,0.25446982763099957,0.6324558775048491
707750.75,3045.247,389.47363,0.2354883978179534,0.629280200910393
715375.44,3260.2976,391.89948,0.2686654996333213,0.6361968528225999
708388.25,4163.0146,389.88654,0.2352926356076206,0.63041901617294
708289.3,3064.9727,389.8654,0.23062765202077706,0.6267416043997639
707080.4,3355.0022,389.2583,0.23762592816941552,0.6261541971983344
716279.7,3466.7283,392.66898,0.26121300018002813,0.6368991182326199
715964.6,3667.6267,392.56915,0.2749759435007926,0.6373040424623906
714128.2,3336.9478,391.51083,0.2602704493252186,0.6331426688001619
718206.9,3320.427,393.18774,0.2514567663320255,0.6360577109189515
709449.8,3090.3865,390.13495,0.23380536450402634,0.6270647969573623
719164.1,3188.5298,393.282,0.2658314563109663,0.63648142253517
715476.8,3245.88,392.0215,0.27994231041650064,0.6400280679268588
706024.1,3285.3481,388.99994,0.24120776424322976,0.6307735098527034
706583.1,3083.2356,389.7713,0.25188777362831827,0.6319114057635206
705826.6,3119.744,389.23175,0.24567980746627738,0.629843066557427
711937.9,3515.4702,391.578,0.26852030129006854,0.6361917156186251
713642.4,3654.4238,391.77682,0.25109523484838103,0.6341116902653765
719619.1,3213.6985,393.54022,0.276512519263199,0.6408263399192367
713786.5,3265.7378,391.2748,0.2569791025573642,0.6330760549234561
716028.2,3080.921,392.1458,0.2689717992871139,0.638053544215648
715962.75,3543.4224,392.4458,0.2754761339688274,0.6395927429258803
715921.3,3968.6213,392.38736,0.2709468998450615,0.6351899506858701
714759.9,3452.3225,391.69946,0.27096509694831017,0.6380928573083186
714538.6,3125.474,391.5813,0.2641070642969616,0.635648452684936
717324.06,3092.0908,392.37256,0.26109175185391864,0.6349597867150016
716626.4,3210.8142,392.30032,0.2759981958757485,0.6394448137892719
717439.4,3254.4229,392.56064,0.2569716633415289,0.6344879386283709
718429.25,3206.4724,393.3137,0.2706839452140679,0.6409011895864543
716650.56,3148.8354,392.34427,0.27123863490323075,0.6357188396155804
717643.44,3341.4082,392.91235,0.2628956678543952,0.6367233866378382
715101.94,3305.4443,392.11157,0.25520110332390455,0.6349658895018064
715878.25,3552.131,392.01865,0.25568377487923133,0.6348310585341206
715027.94,3134.0186,391.759,0.25731740043453444,0.6339288265388592
716719.06,3109.216,392.32907,0.24064160413534363,0.6315321257007704
714788.2,3368.7458,392.07474,0.2425368915900532,0.6298339994329044
716310.2,3129.818,392.48978,0.2607637284664688,0.6366108210923327
713017.25,3430.9375,391.33173,0.26183668119673253,0.6355417655216944
714359.1,3405.92,391.73413,0.275227094883566,0.6385527269081095
714214.0,3294.6104,391.90225,0.27204619642616823,0.6378537674407667
715294.75,3347.2742,392.30563,0.2585400110925762,0.6350126847858002
715253.9,3454.7556,391.93567,0.2428780275682514,0.6322859156671917
714797.06,3299.8777,391.4709,0.23826320802845746,0.6288967272147845
714843.94,3517.451,391.86197,0.2537825846859687,0.6327602637765348
715526.2,3269.4563,391.87152,0.2579435761753821,0.6349962996531183
712482.1,3342.2664,391.02243,0.23607493990621453,0.629257049054964
715073.8,3383.7307,392.0434,0.241254787485635,0.6309908893561417
713587.25,3208.7146,391.7378,0.2639800404594572,0.6363170157177989
715832.4,3156.194,392.1449,0.26393592734247173,0.6349985044213151
715374.5,3225.3044,391.9275,0.27843756251727214,0.6386661289991392
715644.25,3693.197,392.0514,0.2774840182882268,0.637079623622123
713440.44,3230.1128,391.83685,0.25758691535450984,0.6361537212207288
712397.56,3063.6392,390.99072,0.23516191598407765,0.6275097808700175
712965.8,3202.955,391.49207,0.2599701440560245,0.6355316552607279
710999.2,3133.5403,391.0591,0.24218818990924884,0.6320178788898304
714722.5,3425.4812,391.89203,0.25368793802435885,0.6331236977292541
715501.9,3128.7627,391.78494,0.25969107469874375,0.6353356971890912
714275.9,3288.9368,391.88068,0.25450092556270354,0.6338227626342496
715157.5,3504.0593,392.25415,0.24431163153998448,0.6319455583963961
714510.4,3112.3774,391.70016,0.25914295600808623,0.6357900079944415
713249.8,3113.703,391.63095,0.27122873054294994,0.6398284480094726
717195.8,3172.6697,392.76675,0.2772293531423653,0.6379421421758263
715421.5,3242.4573,391.852,0.2750184455775364,0.63878717158419
715838.06,3147.256,392.4279,0.2635932425598293,0.6369506542596789
717136.5,3491.7156,392.7266,0.27063885893213246,0.6383222190031667
712582.2,6397.526,391.52298,0.5231222234775768,0.6600474299608415
716717.3,3295.8647,392.82834,0.28027187509381424,0.6407588689054797
715280.75,3176.2295,392.08466,0.25009144311299814,0.6326856091031562
714695.9,3374.5786,392.04965,0.25681804197039293,0.634704637810984
707746.25,3556.4138,389.8873,0.2539116594771391,0.6314213739408306
707361.7,3227.2554,389.37384,0.24704463651181152,0.6310772113002932
716708.0,3283.843,392.42776,0.25752741727109685,0.6348595859122081
714813.5,3176.3357,392.00284,0.2508547991331178,0.6335204398700905
710047.3,3088.7617,390.68045,0.255107194913311,0.6344816391352336
708026.1,5276.0693,389.51688,0.27949855550847014,0.6320193200255962
713971.75,3721.1323,391.83072,0.26186318313910073,0.636902934617012
715815.4,3129.4692,392.46506,0.27668434203956727,0.6392264487237798
714496.06,3452.1392,391.25256,0.2615621623880844,0.6324212986475758
716195.4,3384.2083,392.39893,0.2575974576729072,0.6367251918003147
714452.6,3456.0671,392.0387,0.26879645973915567,0.6379528732446591
710081.2,3728.9668,390.0828,0.2606564772937552,0.6347474507920517
716348.1,3211.5894,391.9895,0.23405960815202098,0.6297174376501166
715171.0,3141.8499,391.95325,0.25548109829008725,0.6355177970831463
708533.7,3068.1624,390.12082,0.26163978599806725,0.6356307469042153
705914.6,3256.1677,389.6428,0.25636456379934724,0.6341922669986361
708356.1,3061.175,389.67764,0.24690101540426657,0.6320799471998269
710410.8,3183.8813,390.4073,0.2488937553569759,0.6319527004436816
716337.25,3262.9817,392.16968,0.26106101494017775,0.6352389030445242
715811.3,3359.1172,391.98557,0.2616276499989407,0.6342053895827378
715943.0,3261.1038,392.24826,0.256496471616277,0.634446331807202
716283.1,3113.964,392.80948,0.2677271727909978,0.6376262393800162
714073.0,3570.2104,391.8228,0.2541599825932508,0.6314578023762164
715562.9,3407.2783,392.34586,0.2527207170217194,0.6352894780079886
713885.56,3096.502,391.5994,0.2588239861866528,0.6341837943696161
716223.7,3551.1223,391.74698,0.2581024526294331,0.6321158437866532
714072.5,3282.404,391.86514,0.26393912304396494,0.6356171714548992
713930.44,3321.2073,391.42792,0.23904537087201394,0.6307704143350192
714380.7,3319.0867,391.92584,0.27350614931506323,0.6385135584478997
713662.7,3250.2505,391.6022,0.25742234929744123,0.6352913054064098
714134.6,3427.3904,391.36218,0.24861556393832274,0.6318412722136002
711984.4,3638.5186,390.93173,0.25433004413361227,0.6335399204898025
714477.06,3002.136,391.77264,0.2648155714803826,0.6353299678716211
715824.4,3444.8867,392.30112,0.25143944008082775,0.6333533869641194
714498.06,3485.2532,391.77536,0.2596173417502623,0.6349582645842442
715763.75,3171.3052,392.68027,0.2543782605495455,0.637562410302273
715579.94,3216.2986,391.9496,0.2418861386316915,0.6300802745382216
713515.3,3316.459,391.4461,0.2690136427493175,0.6356807830926675
715082.6,3290.137,391.95837,0.24310721965295512,0.6343460300636299
714323.4,3177.4043,391.74542,0.26263185965783986,0.6360956587152291
715208.3,4279.0566,391.71445,0.2602167724398532,0.6343317659688568
714672.56,3622.4092,392.1862,0.2662969888034863,0.6369654253178902
714731.5,3050.6138,392.1413,0.2703839648297697,0.6383651650539933
716758.75,3276.0422,392.74707,0.25302917142010806,0.6359075807378187
715726.3,3342.626,392.20206,0.27355737340151,0.6397284782072281
715825.56,3169.4001,392.31763,0.26191006932780825,0.6365032937728965
717019.4,3461.7463,392.9812,0.27861354602187083,0.640150044470816
717298.8,3299.0574,392.5034,0.28639064935279634,0.6411985901831069
708572.5,3164.6978,389.71014,0.2299315035456746,0.6245230957973926
707562.94,3036.7512,389.20105,0.23835363314624392,0.6284306505443008
708932.7,3108.7368,389.5563,0.2315026250122587,0.6260991401907953
715913.06,3188.2288,392.7167,0.2592762921694298,0.6373051033269923
717599.2,3377.7532,392.58026,0.2743491631174195,0.6353027922315367
714657.56,4069.77,391.56522,0.25887810814769496,0.6341852979342959
717461.7,3096.1167,393.08896,0.28161928670902237,0.6409097250591288
716553.1,3209.6587,392.13745,0.2722933207731755,0.6364024404220987
715354.7,3275.748,392.03104,0.25814722587638306,0.634188178919828
714450.06,3260.2332,391.32104,0.25349264028855734,0.6333473857143936
715560.56,3396.2139,392.37286,0.2585525738507837,0.6362774567731648
706703.4,3232.827,389.42593,0.23766644128115688,0.6296410910547866
708117.8,3224.4233,389.44177,0.23131082621781385,0.6272644009965782
708571.25,3048.2627,389.60245,0.23665350740804136,0.6263428037333282
713700.8,3343.8506,391.386,0.2524384961979478,0.6317925585847056
716242.4,3258.391,392.3952,0.2465972036311923,0.6319630702543853
717631.6,3392.1033,392.82047,0.2559922475863332,0.6334097038050557
717898.3,3260.2493,393.1748,0.2656599553247143,0.6362390840400123
716931.4,3206.609,392.8411,0.25724996653126864,0.6364461910335768
713776.25,3302.9036,391.68463,0.2597927358185901,0.6327227079835959
716532.8,3254.7832,392.63977,0.25840828506083247,0.6359771963389409
716155.3,3410.2896,392.35184,0.25753790359650397,0.6350702581887853
717328.9,3334.898,392.54868,0.25498922197379814,0.6333431888149279
716263.06,3439.4106,392.0508,0.2531168830393562,0.6310459040796895
714199.25,3753.1353,391.8556,0.2654406790623849,0.6358861783361768
715520.25,3380.8013,391.83154,0.2660914681674158,0.6361198086440721
717130.94,3325.2214,392.38928,0.26425915918553633,0.6373130865910936
712961.44,3056.0276,391.44156,0.26496399395718573,0.6368017997007365
714709.56,3643.3713,391.84985,0.2606623205039642,0.6349285799746214
716496.94,3170.122,392.5074,0.2612807595946709,0.6366126571914298
714765.7,3633.6826,391.73917,0.2610945825091191,0.6338430490521559
717085.3,3592.9766,392.39865,0.2669214158092976,0.6356457544801052
714450.5,3350.985,391.6185,0.2687587373286693,0.6386122511089665
713873.7,3200.2002,391.98956,0.2492799038721314,0.6328074275190544
715656.2,3121.4424,392.01422,0.2554703397241789,0.634891661115493
716105.25,3333.7878,392.243,0.246357424427754,0.6305413718338487
716432.06,3697.32,392.6747,0.2697760652772381,0.6386539595037303
715038.0,3096.8542,391.78403,0.2605111942410301,0.6355627495106844
713508.9,4246.4595,391.18546,0.2572764810280863,0.6318921436283783
715998.9,3315.765,392.1599,0.2606074626083088,0.6358588185423508
713515.0,3511.8591,391.1998,0.25385063531492147,0.6335670279212958
712537.6,3172.6357,391.15134,0.2483058557018314,0.6320336498382543
715032.8,3136.4922,392.1344,0.25691464829249844,0.6330778158108737
713692.4,3544.3286,391.6254,0.25990845464813717,0.634219850613633
712526.9,3170.911,391.28677,0.26841220356365403,0.6372029491107944
711937.56,3386.4177,391.1436,0.2580176963121672,0.6354192815538237
712319.8,3265.9854,391.26672,0.2455030529618898,0.6334147767772471
715001.3,3340.0637,391.9661,0.2529973772966052,0.6331703361029579
713804.1,3489.265,391.41293,0.24710170704406176,0.6308197751897916
713591.0,3225.7332,391.77985,0.26193299727868746,0.6370126193917869
715052.7,3161.3494,392.20114,0.252393299547478,0.6335140021631073
717519.25,3545.6719,392.8387,0.2560165195134241,0.6359258228932253
716114.56,3153.796,392.07898,0.2620254072000314,0.6353136809986
716644.25,3290.326,392.3417,0.2501423916000487,0.6336583726191095
716389.44,3626.9592,392.5857,0.2609984711715865,0.6358638569547918
713213.25,3096.194,391.0204,0.24626857192809615,0.6288043701378845
710514.75,3323.2715,390.42233,0.23534026166961075,0.6281706301396408
708802.3,3501.271,389.98648,0.24629224635753255,0.6315341197361993
705320.56,3276.759,389.02698,0.23133298357499,0.6263358075887714
704301.9,3663.8538,388.7179,0.23045260461068118,0.6262411810381275
711497.9,3050.9219,390.88318,0.2516988255300232,0.6322936138979854
716023.1,3113.2712,392.42764,0.25136626897594594,0.6343664671099647
713813.4,3273.9434,391.72336,0.24166354553460545,0.6313557113317031
715017.75,4217.0522,391.77213,0.28312889378524764,0.6384758113734408
713221.1,3261.255,391.43372,0.26462199274459763,0.6376635806638903
711388.2,3207.3406,390.78043,0.2508873505021323,0.6320837180436742
713730.6,3283.6199,391.91342,0.28294622345580134,0.6423768484766477
715204.0,3074.2544,392.1093,0.2515245038083598,0.6338591677337412
715125.44,3262.9197,391.85727,0.2510029725612264,0.6341760620627339
714268.6,3294.556,391.95383,0.26456487937142903,0.6369638958999906
714520.3,3843.0947,391.74777,0.2764731997550993,0.636367265045998
715643.06,3840.7036,391.96237,0.2554794272530372,0.632077851413801
714899.3,3209.8823,391.87384,0.24812304042711775,0.6322647042063395
715096.06,3616.151,391.811,0.2624580615450305,0.6340708889346599
714575.75,3085.2766,391.79922,0.2577544317592855,0.6334614658839673
715632.2,3347.119,392.01266,0.24642833463684122,0.6315225432921572
714206.75,3755.5183,391.61148,0.25386639551004153,0.6312385909446198
716720.25,3292.6465,392.73438,0.2715454026986426,0.6400175719536126
716188.5,3434.333,392.12793,0.2516439472189318,0.6323891875178648
713800.94,3330.9834,391.74725,0.2675965235843094,0.6395595845311652
714946.3,3352.5818,391.88287,0.24754020010135003,0.6333266337009438
715461.44,3486.4998,392.23007,0.25117070956845966,0.632226485025689
713372.56,3269.479,391.2484,0.24808348135671165,0.6322081469826374
713679.06,3354.9749,391.31216,0.24869312535504617,0.6315618791464317
713942.5,3411.0251,391.71725,0.25522839164352806,0.6339994009984319
714769.6,4106.334,391.8943,0.26371422075858497,0.636368003775983
713656.2,3503.7788,391.2603,0.250201018390352,0.633437194666852
714186.6,3265.9216,391.7335,0.25291532803624595,0.6313068595277391
714528.3,3097.4707,391.7759,0.23890483569217125,0.6300022365796327
715715.56,3397.2515,391.96423,0.23997091086532407,0.627838381465949
713416.5,3223.8972,391.39618,0.2587319676253421,0.6349020242301717
708737.7,3100.0723,389.71246,0.23778523832060916,0.6287413912440448
709532.25,3071.0286,390.1552,0.24190204570995943,0.6291762527334148
715616.75,4081.7734,392.13013,0.2764348361982609,0.6385821500844108
714071.06,3330.1323,391.40103,0.26069657100142507,0.6332332066682742
709826.6,3157.61,390.13562,0.24446290417385175,0.62878809153255
715985.75,3231.5476,392.3625,0.26011047149428546,0.6356264795852228
710050.2,3178.752,390.078,0.24050041678142797,0.6289970076573161
715211.75,3241.8132,392.10587,0.25645978315941376,0.6333184964974969
714760.5,3132.3992,391.42493,0.253430898902788,0.6327696650415565
714816.9,3235.8994,392.09586,0.2551440257161861,0.6347678162094206
710597.4,3274.7563,390.46732,0.24396390561648174,0.6288847830102205
713101.2,3263.4675,391.33286,0.23948615924078842,0.6288641859775396
715011.2,3212.6719,391.67432,0.2557275100417429,0.6327927229083107
713818.4,3576.8972,391.77728,0.28983265469943165,0.6422126101791236
714063.94,3189.4277,391.86185,0.2567107809255882,0.6346213208292919
714476.6,3764.016,391.64224,0.25662428317097374,0.6319254301653027
713575.3,3918.6177,391.58148,0.25371262619270984,0.6330058958708922
714523.4,3207.26,391.80438,0.26379406024481433,0.6365435150266053
712551.1,3331.1538,391.11722,0.2626372445111915,0.6338799119775188
712394.3,3215.4717,390.9261,0.24921490133382385,0.6315816677754961
713674.3,4626.1846,391.44293,0.260052469209767,0.6320008690905162
715624.94,3152.093,392.3397,0.25059518643535306,0.634682437013389
712252.8,3549.4893,391.21603,0.264734199475555,0.637279343863258
706504.2,3235.117,389.03262,0.23880471484862476,0.6288918981093233
705341.6,3282.066,388.8124,0.2515695187419533,0.6312470741854004
704777.06,3132.6797,388.8491,0.23616322290227032,0.6295772379118161
710163.1,3268.4873,390.65378,0.25616846804185567,0.6336736262852513
712690.3,3259.1907,391.0886,0.24188041284137984,0.6304340780584294
713439.06,3401.6423,391.21555,0.24676843669608406,0.6301671099777294
712262.7,4134.3027,391.17938,0.24854065054120866,0.6311932519376634
712944.4,3704.4255,391.10352,0.257746323839287,0.632820267100064
713846.9,3181.733,391.38333,0.24240107906892128,0.6300055891308131
712586.7,3628.1675,391.3413,0.2581313077114884,0.6347837848249753
713201.3,3752.8315,391.58154,0.2565582940621618,0.6338768091661215
713455.25,3206.1748,391.2477,0.2566791049165058,0.6340679336664533
711757.9,3210.0127,390.9887,0.24985764446358028,0.6340437667865361
713647.1,3287.2908,391.61377,0.2522558358490339,0.6335011800017657
